"payment_key","payment_id","customer_id","staff_id","rental_id","amount","payment_date"
"1","1","1","1","76","2.99","2005-05-25 11:30:37"
"2","2","1","1","573","0.99","2005-05-28 10:35:23"
"3","3","1","1","1185","5.99","2005-06-15 00:54:12"
"4","4","1","2","1422","0.99","2005-06-15 18:02:53"
"5","5","1","2","1476","9.99","2005-06-15 21:08:46"
"6","6","1","1","1725","4.99","2005-06-16 15:18:57"
"7","7","1","1","2308","4.99","2005-06-18 08:41:48"
"8","8","1","2","2363","0.99","2005-06-18 13:33:59"
"9","9","1","1","3284","3.99","2005-06-21 06:24:45"
"10","10","1","2","4526","5.99","2005-07-08 03:17:05"
"11","11","1","1","4611","5.99","2005-07-08 07:33:56"
"12","12","1","1","5244","4.99","2005-07-09 13:24:07"
"13","13","1","1","5326","4.99","2005-07-09 16:38:01"
"14","14","1","1","6163","7.99","2005-07-11 10:13:46"
"15","15","1","2","7273","2.99","2005-07-27 11:31:22"
"16","16","1","1","7841","4.99","2005-07-28 09:04:45"
"17","17","1","2","8033","4.99","2005-07-28 16:18:23"
"18","18","1","1","8074","0.99","2005-07-28 17:33:39"
"19","19","1","2","8116","0.99","2005-07-28 19:20:07"
"20","20","1","2","8326","2.99","2005-07-29 03:58:49"
"21","21","1","2","9571","2.99","2005-07-31 02:42:18"
"22","22","1","2","10437","4.99","2005-08-01 08:51:04"
"23","23","1","2","11299","3.99","2005-08-02 15:36:52"
"24","24","1","1","11367","0.99","2005-08-02 18:01:38"
"25","25","1","2","11824","4.99","2005-08-17 12:37:54"
"26","26","1","1","12250","0.99","2005-08-18 03:57:29"
"27","27","1","2","13068","0.99","2005-08-19 09:55:16"
"28","28","1","2","13176","2.99","2005-08-19 13:56:54"
"29","29","1","1","14762","0.99","2005-08-21 23:33:57"
"30","30","1","1","14825","1.99","2005-08-22 01:27:57"
"31","31","1","2","15298","2.99","2005-08-22 19:41:37"
"32","32","1","1","15315","5.99","2005-08-22 20:03:46"
"33","33","2","1","320","4.99","2005-05-27 00:09:24"
"34","34","2","1","2128","2.99","2005-06-17 20:54:58"
"35","35","2","1","5636","2.99","2005-07-10 06:31:24"
"36","36","2","1","5755","6.99","2005-07-10 12:38:56"
"37","37","2","2","7346","4.99","2005-07-27 14:30:42"
"38","38","2","1","7376","5.99","2005-07-27 15:23:02"
"39","39","2","2","7459","5.99","2005-07-27 18:40:20"
"40","40","2","2","8230","5.99","2005-07-29 00:12:59"
"41","41","2","1","8598","2.99","2005-07-29 12:56:59"
"42","42","2","2","8705","5.99","2005-07-29 17:14:29"
"43","43","2","1","9031","4.99","2005-07-30 06:06:10"
"44","44","2","2","9236","10.99","2005-07-30 13:47:43"
"45","45","2","2","9248","0.99","2005-07-30 14:14:11"
"46","46","2","2","9296","6.99","2005-07-30 16:21:13"
"47","47","2","2","9465","6.99","2005-07-30 22:39:53"
"48","48","2","1","10136","2.99","2005-07-31 21:58:56"
"49","49","2","1","10466","0.99","2005-08-01 09:45:26"
"50","50","2","1","10918","0.99","2005-08-02 02:10:56"
"51","51","2","1","11087","5.99","2005-08-02 07:41:41"
"52","52","2","1","11177","6.99","2005-08-02 10:43:48"
"53","53","2","2","11256","2.99","2005-08-02 13:44:53"
"54","54","2","1","11614","2.99","2005-08-17 03:52:18"
"55","55","2","1","12963","2.99","2005-08-19 06:26:04"
"56","56","2","1","14475","4.99","2005-08-21 13:24:32"
"57","57","2","2","14743","5.99","2005-08-21 22:41:56"
"58","58","2","2","15145","4.99","2005-08-22 13:53:04"
"59","59","2","2","15907","4.99","2005-08-23 17:39:35"
"60","60","3","1","435","1.99","2005-05-27 17:17:09"
"61","61","3","1","830","2.99","2005-05-29 22:43:55"
"62","62","3","1","1546","8.99","2005-06-16 01:34:05"
"63","63","3","1","1726","6.99","2005-06-16 15:19:10"
"64","64","3","2","1911","6.99","2005-06-17 05:15:15"
"65","65","3","1","2628","2.99","2005-06-19 08:34:53"
"66","66","3","1","4180","4.99","2005-07-07 10:23:25"
"67","67","3","1","4725","4.99","2005-07-08 12:47:11"
"68","68","3","1","7096","5.99","2005-07-27 04:54:42"
"69","69","3","2","7503","10.99","2005-07-27 20:23:12"
"70","70","3","2","7703","7.99","2005-07-28 03:59:21"
"71","71","3","2","7724","6.99","2005-07-28 04:46:30"
"72","72","3","1","7911","4.99","2005-07-28 11:46:45"
"73","73","3","2","8086","4.99","2005-07-28 18:17:14"
"74","74","3","1","8545","2.99","2005-07-29 11:07:04"
"75","75","3","1","9226","1.99","2005-07-30 13:31:20"
"76","76","3","2","9443","3.99","2005-07-30 21:45:46"
"77","77","3","1","9595","2.99","2005-07-31 03:27:58"
"78","78","3","2","9816","4.99","2005-07-31 11:32:58"
"79","79","3","2","10597","5.99","2005-08-01 14:19:48"
"80","80","3","2","12556","4.99","2005-08-18 14:49:55"
"81","81","3","1","13403","8.99","2005-08-19 22:18:07"
"82","82","3","2","13610","2.99","2005-08-20 06:14:12"
"83","83","3","2","14699","8.99","2005-08-21 20:50:48"
"84","84","3","2","15038","0.99","2005-08-22 09:37:27"
"85","85","3","1","15619","2.99","2005-08-23 07:10:14"
"86","86","4","1","1297","4.99","2005-06-15 09:31:28"
"87","87","4","1","1633","0.99","2005-06-16 08:08:40"
"88","88","4","2","1707","2.99","2005-06-16 14:01:27"
"89","89","4","2","1735","0.99","2005-06-16 15:51:52"
"90","90","4","2","2043","0.99","2005-06-17 14:31:12"
"91","91","4","1","2642","5.99","2005-06-19 09:39:01"
"92","92","4","1","7660","2.99","2005-07-28 02:10:10"
"93","93","4","2","7718","2.99","2005-07-28 04:37:59"
"94","94","4","1","8741","3.99","2005-07-29 18:44:57"
"95","95","4","1","9100","5.99","2005-07-30 08:46:09"
"96","96","4","1","9371","5.99","2005-07-30 18:58:00"
"97","97","4","2","11069","0.99","2005-08-02 07:09:34"
"98","98","4","1","11110","2.99","2005-08-02 08:20:31"
"99","99","4","2","11529","4.99","2005-08-17 00:28:01"
"100","100","4","1","12151","2.99","2005-08-18 00:14:03"
"101","101","4","2","12294","8.99","2005-08-18 05:14:44"
"102","102","4","2","12856","1.99","2005-08-19 02:19:13"
"103","103","4","1","13704","2.99","2005-08-20 09:32:04"
"104","104","4","1","13807","6.99","2005-08-20 12:55:40"
"105","105","4","2","14225","4.99","2005-08-21 04:53:37"
"106","106","4","1","15147","2.99","2005-08-22 13:58:23"
"107","107","4","2","15635","1.99","2005-08-23 07:43:00"
"108","108","5","1","731","0.99","2005-05-29 07:25:16"
"109","109","5","1","1085","6.99","2005-05-31 11:15:43"
"110","110","5","1","1142","1.99","2005-05-31 19:46:38"
"111","111","5","1","1502","3.99","2005-06-15 22:03:14"
"112","112","5","2","1631","2.99","2005-06-16 08:01:02"
"113","113","5","2","2063","4.99","2005-06-17 15:56:53"
"114","114","5","2","2570","2.99","2005-06-19 04:20:13"
"115","115","5","2","3126","4.99","2005-06-20 18:38:22"
"116","116","5","2","3677","4.99","2005-07-06 09:11:58"
"117","117","5","2","4889","2.99","2005-07-08 20:04:43"
"118","118","5","1","5016","4.99","2005-07-09 01:57:57"
"119","119","5","2","5118","5.99","2005-07-09 07:13:52"
"120","120","5","2","5156","1.99","2005-07-09 08:51:42"
"121","121","5","2","5721","0.99","2005-07-10 11:09:35"
"122","122","5","1","6042","8.99","2005-07-11 03:17:04"
"123","123","5","1","6663","3.99","2005-07-12 11:27:35"
"124","124","5","2","6685","4.99","2005-07-12 12:16:28"
"125","125","5","2","7293","0.99","2005-07-27 12:37:28"
"126","126","5","2","7652","0.99","2005-07-28 01:50:29"
"127","127","5","2","7829","3.99","2005-07-28 08:43:39"
"128","128","5","1","8263","2.99","2005-07-29 01:11:23"
"129","129","5","1","8978","1.99","2005-07-30 04:14:28"
"130","130","5","1","9493","4.99","2005-07-30 23:52:30"
"131","131","5","1","9888","3.99","2005-07-31 14:00:53"
"132","132","5","2","10609","4.99","2005-08-01 14:48:45"
"133","133","5","1","10625","0.99","2005-08-01 15:27:10"
"134","134","5","2","11001","4.99","2005-08-02 04:56:45"
"135","135","5","1","11179","4.99","2005-08-02 10:50:06"
"136","136","5","2","11930","3.99","2005-08-17 16:28:53"
"137","137","5","1","12145","9.99","2005-08-18 00:10:04"
"138","138","5","1","12797","2.99","2005-08-19 00:24:08"
"139","139","5","1","13063","1.99","2005-08-19 09:45:41"
"140","140","5","2","13877","0.99","2005-08-20 15:16:18"
"141","141","5","2","14053","6.99","2005-08-20 22:13:59"
"142","142","5","1","14430","6.99","2005-08-21 11:31:11"
"143","143","5","2","14494","2.99","2005-08-21 14:02:50"
"144","144","5","2","15232","0.99","2005-08-22 17:37:02"
"145","145","5","2","13209","0.99","2006-02-14 15:16:03"
"146","146","6","2","57","4.99","2005-05-25 08:43:32"
"147","147","6","1","577","2.99","2005-05-28 11:09:14"
"148","148","6","2","916","0.99","2005-05-30 11:25:01"
"149","149","6","1","1575","3.99","2005-06-16 03:41:38"
"150","150","6","2","1841","2.99","2005-06-16 23:44:13"
"151","151","6","1","1966","0.99","2005-06-17 09:19:45"
"152","152","6","1","2345","0.99","2005-06-18 12:03:23"
"153","153","6","2","3983","0.99","2005-07-06 23:14:21"
"154","154","6","2","4278","2.99","2005-07-07 14:53:24"
"155","155","6","1","5553","0.99","2005-07-10 03:03:35"
"156","156","6","2","6211","5.99","2005-07-11 12:39:01"
"157","157","6","1","6248","7.99","2005-07-11 15:01:54"
"158","158","6","2","6686","0.99","2005-07-12 12:18:38"
"159","159","6","2","7099","2.99","2005-07-27 05:03:44"
"160","160","6","2","7136","2.99","2005-07-27 06:38:25"
"161","161","6","1","8101","0.99","2005-07-28 18:47:23"
"162","162","6","1","10271","2.99","2005-08-01 03:13:39"
"163","163","6","1","11023","2.99","2005-08-02 05:36:38"
"164","164","6","1","11398","3.99","2005-08-02 18:55:15"
"165","165","6","1","11591","6.99","2005-08-17 02:29:41"
"166","166","6","1","11727","0.99","2005-08-17 08:12:20"
"167","167","6","1","11853","0.99","2005-08-17 13:39:32"
"168","168","6","2","12254","2.99","2005-08-18 04:05:29"
"169","169","6","2","13451","6.99","2005-08-20 00:18:25"
"170","170","6","1","14329","7.99","2005-08-21 08:22:56"
"171","171","6","1","14377","4.99","2005-08-21 09:49:28"
"172","172","6","1","15509","5.99","2005-08-23 02:51:24"
"173","173","6","2","15603","0.99","2005-08-23 06:41:32"
"174","174","7","2","46","5.99","2005-05-25 06:04:08"
"175","175","7","2","117","0.99","2005-05-25 19:30:46"
"176","176","7","2","748","2.99","2005-05-29 09:27:00"
"177","177","7","1","975","4.99","2005-05-30 21:07:15"
"178","178","7","1","1063","5.99","2005-05-31 08:44:29"
"179","179","7","2","1810","0.99","2005-06-16 21:06:00"
"180","180","7","1","2250","2.99","2005-06-18 05:03:36"
"181","181","7","1","2709","0.99","2005-06-19 14:00:26"
"182","182","7","1","2888","4.99","2005-06-20 01:50:56"
"183","183","7","1","3007","0.99","2005-06-20 10:11:53"
"184","184","7","2","3639","5.99","2005-07-06 07:09:17"
"185","185","7","2","4238","2.99","2005-07-07 13:22:20"
"186","186","7","2","4787","5.99","2005-07-08 16:16:04"
"187","187","7","1","4856","4.99","2005-07-08 18:47:38"
"188","188","7","1","5441","8.99","2005-07-09 21:52:05"
"189","189","7","1","5921","7.99","2005-07-10 21:35:12"
"190","190","7","1","6174","1.99","2005-07-11 10:36:28"
"191","191","7","1","6295","2.99","2005-07-11 17:30:58"
"192","192","7","2","6761","3.99","2005-07-12 15:17:42"
"193","193","7","2","8422","5.99","2005-07-29 07:02:55"
"194","194","7","2","9624","7.99","2005-07-31 04:30:03"
"195","195","7","2","10330","6.99","2005-08-01 04:57:04"
"196","196","7","1","10423","5.99","2005-08-01 08:19:53"
"197","197","7","1","10514","4.99","2005-08-01 11:39:26"
"198","198","7","2","10644","4.99","2005-08-01 15:52:00"
"199","199","7","2","10989","3.99","2005-08-02 04:40:54"
"200","200","7","2","11542","7.99","2005-08-17 00:51:32"
"201","201","7","1","12367","8.99","2005-08-18 07:57:14"
"202","202","7","1","12730","2.99","2005-08-18 21:55:01"
"203","203","7","2","13373","2.99","2005-08-19 21:23:31"
"204","204","7","1","13476","2.99","2005-08-20 01:06:04"
"205","205","7","1","13594","0.99","2005-08-20 05:53:31"
"206","206","7","1","14222","5.99","2005-08-21 04:49:48"
"207","207","8","2","866","6.99","2005-05-30 03:43:54"
"208","208","8","2","1305","2.99","2005-06-15 09:59:16"
"209","209","8","1","2095","5.99","2005-06-17 18:21:35"
"210","210","8","2","3114","4.99","2005-06-20 17:57:47"
"211","211","8","1","3475","5.99","2005-07-05 23:01:21"
"212","212","8","1","4003","0.99","2005-07-07 00:09:02"
"213","213","8","2","4175","2.99","2005-07-07 10:02:03"
"214","214","8","2","4409","3.99","2005-07-07 21:47:29"
"215","215","8","1","4503","3.99","2005-07-08 02:17:12"
"216","216","8","1","5300","2.99","2005-07-09 15:40:46"
"217","217","8","2","5341","2.99","2005-07-09 17:13:23"
"218","218","8","1","6375","4.99","2005-07-11 21:39:46"
"219","219","8","1","6647","0.99","2005-07-12 10:43:53"
"220","220","8","1","8809","1.99","2005-07-29 21:42:49"
"221","221","8","2","9629","2.99","2005-07-31 04:54:43"
"222","222","8","2","10141","0.99","2005-07-31 22:08:29"
"223","223","8","2","10561","2.99","2005-08-01 13:05:35"
"224","224","8","1","11232","9.99","2005-08-02 13:04:12"
"225","225","8","2","11284","2.99","2005-08-02 14:42:45"
"226","226","8","1","12613","2.99","2005-08-18 17:16:01"
"227","227","8","1","14114","0.99","2005-08-21 01:07:11"
"228","228","8","1","15374","7.99","2005-08-22 22:09:09"
"229","229","8","1","15764","2.99","2005-08-23 13:05:10"
"230","230","8","1","15805","4.99","2005-08-23 14:31:19"
"231","231","9","2","350","4.99","2005-05-27 05:01:28"
"232","232","9","2","877","0.99","2005-05-30 05:48:59"
"233","233","9","2","1075","4.99","2005-05-31 10:13:34"
"234","234","9","2","3142","7.99","2005-06-20 19:59:28"
"235","235","9","2","3262","4.99","2005-06-21 04:08:43"
"236","236","9","1","4454","2.99","2005-07-07 23:37:00"
"237","237","9","2","4748","0.99","2005-07-08 13:59:38"
"238","238","9","1","4796","1.99","2005-07-08 16:35:44"
"239","239","9","1","5659","2.99","2005-07-10 07:45:40"
"240","240","9","2","6019","4.99","2005-07-11 02:08:29"
"241","241","9","1","6165","5.99","2005-07-11 10:17:29"
"242","242","9","2","7616","0.99","2005-07-28 00:15:26"
"243","243","9","1","7801","2.99","2005-07-28 07:51:56"
"244","244","9","1","9043","4.99","2005-07-30 06:34:07"
"245","245","9","1","10451","0.99","2005-08-01 09:11:25"
"246","246","9","1","10454","4.99","2005-08-01 09:14:00"
"247","247","9","2","11400","5.99","2005-08-02 19:00:52"
"248","248","9","1","11556","0.99","2005-08-17 01:11:53"
"249","249","9","1","12228","2.99","2005-08-18 03:08:10"
"250","250","9","1","12309","2.99","2005-08-18 05:58:40"
"251","251","9","2","12652","4.99","2005-08-18 18:48:58"
"252","252","9","2","14489","7.99","2005-08-21 13:53:59"
"253","253","9","1","15813","4.99","2006-02-14 15:16:03"
"254","254","10","2","1140","4.99","2005-05-31 19:36:30"
"255","255","10","1","1801","4.99","2005-06-16 20:21:53"
"256","256","10","1","1995","4.99","2005-06-17 11:11:14"
"257","257","10","2","2222","3.99","2005-06-18 03:26:23"
"258","258","10","1","2814","0.99","2005-06-19 20:01:59"
"259","259","10","1","2865","0.99","2005-06-20 00:00:55"
"260","260","10","2","3790","3.99","2005-07-06 14:13:45"
"261","261","10","2","4042","4.99","2005-07-07 03:06:40"
"262","262","10","1","4255","1.99","2005-07-07 14:14:13"
"263","263","10","1","5038","7.99","2005-07-09 03:12:52"
"264","264","10","2","5068","2.99","2005-07-09 04:53:18"
"265","265","10","1","5444","0.99","2005-07-09 21:58:57"
"266","266","10","1","5905","2.99","2005-07-10 20:41:09"
"267","267","10","1","7738","2.99","2005-07-28 05:21:42"
"268","268","10","2","8001","6.99","2005-07-28 15:10:55"
"269","269","10","2","8188","4.99","2005-07-28 22:34:12"
"270","270","10","1","9935","4.99","2005-07-31 15:27:07"
"271","271","10","2","10671","8.99","2005-08-01 17:09:59"
"272","272","10","2","11289","2.99","2005-08-02 14:55:00"
"273","273","10","1","11405","0.99","2005-08-02 19:13:39"
"274","274","10","2","12031","2.99","2005-08-17 20:11:35"
"275","275","10","2","12400","2.99","2005-08-18 09:19:12"
"276","276","10","2","13316","4.99","2005-08-19 19:23:30"
"277","277","10","2","13917","2.99","2005-08-20 16:43:28"
"278","278","10","1","15370","5.99","2005-08-22 21:59:29"
"279","279","11","1","987","6.99","2005-05-30 22:59:12"
"280","280","11","1","1470","6.99","2005-06-15 20:53:07"
"281","281","11","1","1939","7.99","2005-06-17 07:26:45"
"282","282","11","1","3192","0.99","2005-06-20 23:49:12"
"283","283","11","2","4608","2.99","2005-07-08 07:19:11"
"284","284","11","1","4943","4.99","2005-07-08 22:43:05"
"285","285","11","2","5835","5.99","2005-07-10 16:44:58"
"286","286","11","2","6146","6.99","2005-07-11 09:09:59"
"287","287","11","1","7314","4.99","2005-07-27 13:13:32"
"288","288","11","1","8014","4.99","2005-07-28 15:32:07"
"289","289","11","2","8100","2.99","2005-07-28 18:43:11"
"290","290","11","2","8447","1.99","2005-07-29 07:38:14"
"291","291","11","1","8715","0.99","2005-07-29 17:33:45"
"292","292","11","1","8950","9.99","2005-07-30 03:17:13"
"293","293","11","2","9292","6.99","2005-07-30 16:08:21"
"294","294","11","1","10812","4.99","2005-08-01 22:41:16"
"295","295","11","2","11166","6.99","2005-08-02 10:14:58"
"296","296","11","2","11502","0.99","2005-08-16 23:06:30"
"297","297","11","2","12015","5.99","2005-08-17 19:32:44"
"298","298","11","2","13572","0.99","2005-08-20 05:07:27"
"299","299","11","1","13790","4.99","2005-08-20 12:17:27"
"300","300","11","1","15120","0.99","2005-08-22 12:42:47"
"301","301","11","2","15240","2.99","2005-08-22 17:46:41"
"302","302","11","1","11646","0.99","2006-02-14 15:16:03"
"303","303","12","1","988","4.99","2005-05-30 23:08:03"
"304","304","12","1","1084","4.99","2005-05-31 11:10:17"
"305","305","12","2","1752","5.99","2005-06-16 17:02:55"
"306","306","12","2","2434","5.99","2005-06-18 18:11:51"
"307","307","12","2","2500","5.99","2005-06-18 23:07:12"
"308","308","12","2","2623","4.99","2005-06-19 08:11:51"
"309","309","12","2","3135","2.99","2005-06-20 19:33:52"
"310","310","12","1","3411","0.99","2005-06-21 16:31:27"
"311","311","12","1","3870","3.99","2005-07-06 17:57:54"
"312","312","12","1","5071","0.99","2005-07-09 05:00:39"
"313","313","12","1","5074","0.99","2005-07-09 05:06:24"
"314","314","12","2","5111","0.99","2005-07-09 07:02:19"
"315","315","12","2","5242","3.99","2005-07-09 13:20:25"
"316","316","12","1","6773","2.99","2005-07-12 15:55:39"
"317","317","12","2","7008","0.99","2005-07-27 01:44:03"
"318","318","12","2","7279","0.99","2005-07-27 11:50:47"
"319","319","12","2","8985","0.99","2005-07-30 04:34:51"
"320","320","12","2","9166","4.99","2005-07-30 11:26:28"
"321","321","12","2","9238","5.99","2005-07-30 13:49:43"
"322","322","12","1","9627","5.99","2005-07-31 04:42:46"
"323","323","12","2","9708","5.99","2005-07-31 07:45:33"
"324","324","12","2","10392","10.99","2005-08-01 06:50:26"
"325","325","12","2","11497","0.99","2005-08-16 22:52:30"
"326","326","12","1","12604","4.99","2005-08-18 16:58:48"
"327","327","12","2","13519","0.99","2005-08-20 02:37:07"
"328","328","12","2","13895","2.99","2005-08-20 15:58:28"
"329","329","12","2","14240","4.99","2005-08-21 05:19:39"
"330","330","12","1","15993","0.99","2005-08-23 20:28:44"
"331","331","13","1","1933","2.99","2005-06-17 06:54:42"
"332","332","13","1","2209","4.99","2005-06-18 02:24:01"
"333","333","13","1","2952","2.99","2005-06-20 06:26:57"
"334","334","13","1","3047","8.99","2005-06-20 12:45:33"
"335","335","13","2","3946","2.99","2005-07-06 21:39:24"
"336","336","13","1","6118","8.99","2005-07-11 07:43:08"
"337","337","13","1","6568","2.99","2005-07-12 05:45:47"
"338","338","13","1","6870","0.99","2005-07-12 20:13:45"
"339","339","13","1","6897","2.99","2005-07-12 21:30:41"
"340","340","13","1","7916","2.99","2005-07-28 11:49:53"
"341","341","13","1","8277","2.99","2005-07-29 01:38:53"
"342","342","13","2","8831","11.99","2005-07-29 22:37:41"
"343","343","13","2","9260","9.99","2005-07-30 14:38:22"
"344","344","13","2","9434","0.99","2005-07-30 21:29:41"
"345","345","13","1","9664","0.99","2005-07-31 06:12:08"
"346","346","13","1","9736","7.99","2005-07-31 08:58:40"
"347","347","13","1","10003","4.99","2005-07-31 17:48:51"
"348","348","13","1","11292","4.99","2005-08-02 14:58:41"
"349","349","13","2","11315","0.99","2005-08-02 16:05:17"
"350","350","13","2","11761","5.99","2005-08-17 09:44:59"
"351","351","13","2","12918","7.99","2005-08-19 04:31:36"
"352","352","13","2","13096","4.99","2005-08-19 10:49:03"
"353","353","13","2","13213","0.99","2005-08-19 15:25:48"
"354","354","13","1","13456","0.99","2005-08-20 00:33:19"
"355","355","13","1","14252","9.99","2005-08-21 05:44:07"
"356","356","13","2","14545","7.99","2005-08-21 15:44:23"
"357","357","13","1","15338","4.99","2005-08-22 20:51:24"
"358","358","14","1","151","0.99","2005-05-26 00:37:28"
"359","359","14","1","346","9.99","2005-05-27 04:34:41"
"360","360","14","1","525","5.99","2005-05-28 04:25:33"
"361","361","14","1","671","2.99","2005-05-28 22:04:30"
"362","362","14","2","815","0.99","2005-05-29 20:24:28"
"363","363","14","2","1360","4.99","2005-06-15 13:32:15"
"364","364","14","1","3707","2.99","2005-07-06 10:21:49"
"365","365","14","1","4952","0.99","2005-07-08 23:00:07"
"366","366","14","1","5104","0.99","2005-07-09 06:37:07"
"367","367","14","2","5317","7.99","2005-07-09 16:10:25"
"368","368","14","1","5383","4.99","2005-07-09 19:14:32"
"369","369","14","1","5565","7.99","2005-07-10 03:29:48"
"370","370","14","1","8035","6.99","2005-07-28 16:23:01"
"371","371","14","1","8042","0.99","2005-07-28 16:45:11"
"372","372","14","1","8548","3.99","2005-07-29 11:11:33"
"373","373","14","2","8836","4.99","2005-07-29 22:46:08"
"374","374","14","2","9438","4.99","2005-07-30 21:36:15"
"375","375","14","1","9592","2.99","2005-07-31 03:21:16"
"376","376","14","1","10348","2.99","2005-08-01 05:23:00"
"377","377","14","2","10526","6.99","2005-08-01 11:55:33"
"378","378","14","1","11480","4.99","2005-08-02 22:18:24"
"379","379","14","2","11528","3.99","2005-08-17 00:27:23"
"380","380","14","1","12668","2.99","2005-08-18 19:16:47"
"381","381","14","1","13757","4.99","2005-08-20 11:20:12"
"382","382","14","2","15015","6.99","2005-08-22 08:43:50"
"383","383","14","1","15373","0.99","2005-08-22 22:08:11"
"384","384","14","1","16045","0.99","2005-08-23 22:25:26"
"385","385","14","1","13780","4.99","2006-02-14 15:16:03"
"386","386","15","1","2486","2.99","2005-06-18 21:26:56"
"387","387","15","1","2937","5.99","2005-06-20 05:15:37"
"388","388","15","2","3182","0.99","2005-06-20 22:52:18"
"389","389","15","1","3550","7.99","2005-07-06 02:29:21"
"390","390","15","1","4127","5.99","2005-07-07 07:26:19"
"391","391","15","1","5717","2.99","2005-07-10 11:02:03"
"392","392","15","2","5975","2.99","2005-07-11 00:14:19"
"393","393","15","1","7105","4.99","2005-07-27 05:15:37"
"394","394","15","1","8193","0.99","2005-07-28 22:50:50"
"395","395","15","2","8615","6.99","2005-07-29 13:36:01"
"396","396","15","2","8927","4.99","2005-07-30 02:13:31"
"397","397","15","1","9987","2.99","2005-07-31 17:22:35"
"398","398","15","1","11118","2.99","2005-08-02 08:44:18"
"399","399","15","1","11141","2.99","2005-08-02 09:29:11"
"400","400","15","2","11307","2.99","2005-08-02 15:48:08"
"401","401","15","2","11341","2.99","2005-08-02 17:09:24"
"402","402","15","1","11922","7.99","2005-08-17 16:20:37"
"403","403","15","2","12272","2.99","2005-08-18 04:39:10"
"404","404","15","2","12551","2.99","2005-08-18 14:46:26"
"405","405","15","1","12635","2.99","2005-08-18 18:00:23"
"406","406","15","2","13339","8.99","2005-08-19 20:18:36"
"407","407","15","1","13393","5.99","2005-08-19 22:03:46"
"408","408","15","2","13503","5.99","2005-08-20 02:00:33"
"409","409","15","1","13541","4.99","2005-08-20 03:41:41"
"410","410","15","2","13677","3.99","2005-08-20 08:34:41"
"411","411","15","2","14569","0.99","2005-08-21 16:31:22"
"412","412","15","2","14776","4.99","2005-08-21 23:53:35"
"413","413","15","2","14872","8.99","2005-08-22 03:23:41"
"414","414","15","1","15178","0.99","2005-08-22 15:36:04"
"415","415","15","1","15897","4.99","2005-08-23 17:12:31"
"416","416","15","1","13798","3.98","2006-02-14 15:16:03"
"417","417","15","2","13968","0.00","2006-02-14 15:16:03"
"418","418","16","1","335","3.99","2005-05-27 03:07:10"
"419","419","16","1","593","2.99","2005-05-28 13:33:23"
"420","420","16","2","887","0.99","2005-05-30 07:10:00"
"421","421","16","1","1017","2.99","2005-05-31 02:53:36"
"422","422","16","2","1934","6.99","2005-06-17 07:04:57"
"423","423","16","1","1944","7.99","2005-06-17 07:50:53"
"424","425","16","1","2960","7.99","2005-06-20 07:10:09"
"425","426","16","2","3348","0.99","2005-06-21 11:16:42"
"426","427","16","1","3548","0.99","2005-07-06 02:23:39"
"427","428","16","2","4219","2.99","2005-07-07 12:11:22"
"428","429","16","2","4263","3.99","2005-07-07 14:24:44"
"429","430","16","2","4517","4.99","2005-07-08 02:45:19"
"430","431","16","1","6100","4.99","2005-07-11 06:40:31"
"431","432","16","2","7489","0.99","2005-07-27 19:39:38"
"432","433","16","2","7552","2.99","2005-07-27 22:03:41"
"433","434","16","2","8452","5.99","2005-07-29 07:45:00"
"434","435","16","2","9158","0.99","2005-07-30 11:12:03"
"435","436","16","2","9610","5.99","2005-07-31 03:54:05"
"436","437","16","2","10687","2.99","2005-08-01 17:53:02"
"437","438","16","2","10727","2.99","2005-08-01 19:15:08"
"438","439","16","2","11308","0.99","2005-08-02 15:50:44"
"439","440","16","2","12104","2.99","2005-08-17 22:53:00"
"440","441","16","1","12358","4.99","2005-08-18 07:41:43"
"441","442","16","1","12577","7.99","2005-08-18 15:39:46"
"442","443","16","2","13151","4.99","2005-08-19 13:08:23"
"443","444","16","1","13391","4.99","2005-08-19 22:01:42"
"444","445","16","1","13480","6.99","2005-08-20 01:10:27"
"445","446","16","1","14511","8.99","2005-08-21 14:45:34"
"446","447","17","2","287","2.99","2005-05-26 19:44:54"
"447","448","17","1","580","2.99","2005-05-28 11:19:53"
"448","449","17","2","884","4.99","2005-05-30 06:41:32"
"449","450","17","2","2175","5.99","2005-06-18 00:17:58"
"450","451","17","1","2684","8.99","2005-06-19 12:29:08"
"451","452","17","2","3269","5.99","2005-06-21 05:06:30"
"452","453","17","1","5714","3.99","2005-07-10 10:46:57"
"453","454","17","1","5883","3.99","2005-07-10 19:25:21"
"454","455","17","2","6884","1.99","2005-07-12 20:52:41"
"455","456","17","2","8076","8.99","2005-07-28 17:45:58"
"456","457","17","1","8213","2.99","2005-07-28 23:37:33"
"457","458","17","2","9092","8.99","2005-07-30 08:30:56"
"458","459","17","1","9138","2.99","2005-07-30 10:11:52"
"459","460","17","2","9382","8.99","2005-07-30 19:23:44"
"460","461","17","1","9489","0.99","2005-07-30 23:43:32"
"461","462","17","2","11990","4.99","2005-08-17 18:26:22"
"462","463","17","1","13732","2.99","2005-08-20 10:24:41"
"463","464","17","1","14040","2.99","2005-08-20 21:43:44"
"464","465","17","2","14326","2.99","2005-08-21 08:15:41"
"465","466","17","1","14346","2.99","2005-08-21 08:42:26"
"466","467","17","2","15752","5.99","2005-08-23 12:41:38"
"467","468","18","1","50","2.99","2005-05-25 06:44:53"
"468","469","18","1","116","4.99","2005-05-25 19:27:51"
"469","470","18","1","692","4.99","2005-05-29 01:32:10"
"470","471","18","2","1451","5.99","2005-06-15 19:30:18"
"471","472","18","2","1783","4.99","2005-06-16 19:23:23"
"472","473","18","2","2112","5.99","2005-06-17 19:52:42"
"473","474","18","1","2990","8.99","2005-06-20 09:02:51"
"474","475","18","2","4672","3.99","2005-07-08 10:15:38"
"475","476","18","2","4724","3.99","2005-07-08 12:46:30"
"476","477","18","2","4923","3.99","2005-07-08 21:44:39"
"477","478","18","2","6128","2.99","2005-07-11 08:15:08"
"478","479","18","1","6846","0.99","2005-07-12 19:20:45"
"479","480","18","2","8122","2.99","2005-07-28 19:27:37"
"480","481","18","1","8555","4.99","2005-07-29 11:18:01"
"481","482","18","1","9036","4.99","2005-07-30 06:18:38"
"482","483","18","2","9114","4.99","2005-07-30 09:13:21"
"483","484","18","1","10682","4.99","2005-08-01 17:32:53"
"484","485","18","2","10721","1.99","2005-08-01 19:05:18"
"485","486","18","2","11094","4.99","2005-08-02 08:03:02"
"486","487","18","2","11439","4.99","2005-08-02 20:22:45"
"487","488","18","2","12333","0.99","2005-08-18 06:51:39"
"488","489","18","2","13490","0.99","2005-08-20 01:29:29"
"489","490","19","2","18","0.99","2005-05-25 01:10:47"
"490","491","19","2","110","9.99","2005-05-25 18:43:49"
"491","492","19","1","179","6.99","2005-05-26 04:26:06"
"492","493","19","1","337","2.99","2005-05-27 03:22:30"
"493","494","19","2","591","2.99","2005-05-28 13:11:04"
"494","495","19","2","696","2.99","2005-05-29 01:59:10"
"495","496","19","1","2657","2.99","2005-06-19 10:42:59"
"496","497","19","1","2848","2.99","2005-06-19 22:55:37"
"497","498","19","2","3423","2.99","2005-06-21 17:38:02"
"498","499","19","2","3549","4.99","2005-07-06 02:24:55"
"499","500","19","2","6495","4.99","2005-07-12 02:57:02"
"500","501","19","1","9157","5.99","2005-07-30 11:06:23"
"501","502","19","1","9256","0.99","2005-07-30 14:29:29"
"502","503","19","2","10077","9.99","2005-07-31 20:01:06"
"503","504","19","1","10176","7.99","2005-07-31 23:40:35"
"504","505","19","2","11508","8.99","2005-08-16 23:27:36"
"505","506","19","1","11869","5.99","2005-08-17 14:10:22"
"506","507","19","1","12211","9.99","2005-08-18 02:31:18"
"507","508","19","2","12357","2.99","2005-08-18 07:40:52"
"508","509","19","1","13718","8.99","2005-08-20 09:53:44"
"509","510","19","2","13804","8.99","2005-08-20 12:46:32"
"510","511","19","1","14101","4.99","2005-08-21 00:33:03"
"511","512","19","1","15047","2.99","2005-08-22 09:57:16"
"512","513","19","2","15529","0.99","2005-08-23 03:46:47"
"513","514","20","2","202","2.99","2005-05-26 07:27:36"
"514","515","20","2","497","6.99","2005-05-28 00:54:39"
"515","516","20","2","546","1.99","2005-05-28 07:16:25"
"516","517","20","2","1558","0.99","2005-06-16 02:33:53"
"517","518","20","2","2136","3.99","2005-06-17 21:16:41"
"518","519","20","2","2343","4.99","2005-06-18 11:46:26"
"519","520","20","1","3350","4.99","2005-06-21 11:21:38"
"520","521","20","2","4011","3.99","2005-07-07 00:48:25"
"521","522","20","1","4407","2.99","2005-07-07 21:39:45"
"522","523","20","1","5718","2.99","2005-07-10 11:03:20"
"523","524","20","1","6254","2.99","2005-07-11 15:10:18"
"524","525","20","2","6267","6.99","2005-07-11 15:53:00"
"525","526","20","2","7217","4.99","2005-07-27 09:31:44"
"526","527","20","2","7864","5.99","2005-07-28 10:06:10"
"527","528","20","2","8127","2.99","2005-07-28 19:45:19"
"528","529","20","2","9075","4.99","2005-07-30 07:55:14"
"529","530","20","2","9468","3.99","2005-07-30 22:53:52"
"530","531","20","2","10284","4.99","2005-08-01 03:33:19"
"531","532","20","1","10616","7.99","2005-08-01 14:59:50"
"532","533","20","1","10954","1.99","2005-08-02 03:30:24"
"533","534","20","1","11821","0.99","2005-08-17 12:27:55"
"534","535","20","1","12180","0.99","2005-08-18 01:28:15"
"535","536","20","2","13036","4.99","2005-08-19 08:48:37"
"536","537","20","1","13137","4.99","2005-08-19 12:26:32"
"537","538","20","2","13317","2.99","2005-08-19 19:25:42"
"538","539","20","2","14613","2.99","2005-08-21 18:03:20"
"539","540","20","2","15057","6.99","2005-08-22 10:19:58"
"540","541","20","1","15161","1.99","2005-08-22 14:37:22"
"541","542","20","2","15248","0.99","2005-08-22 17:53:06"
"542","543","20","1","15460","2.99","2005-08-23 01:10:42"
"543","544","21","1","260","3.99","2005-05-26 15:42:20"
"544","545","21","2","463","3.99","2005-05-27 20:11:47"
"545","546","21","1","570","0.99","2005-05-28 10:15:04"
"546","547","21","2","2235","7.99","2005-06-18 04:08:50"
"547","548","21","1","2268","4.99","2005-06-18 06:13:41"
"548","549","21","1","2393","2.99","2005-06-18 15:37:55"
"549","550","21","2","2830","4.99","2005-06-19 21:14:33"
"550","551","21","1","3212","10.99","2005-06-21 01:04:35"
"551","552","21","2","5107","4.99","2005-07-09 06:42:32"
"552","553","21","1","5772","3.99","2005-07-10 13:27:40"
"553","554","21","1","5961","2.99","2005-07-10 23:43:23"
"554","555","21","2","6943","1.99","2005-07-26 23:28:13"
"555","556","21","1","7994","0.99","2005-07-28 14:56:54"
"556","557","21","2","8196","6.99","2005-07-28 22:56:11"
"557","558","21","2","8862","2.99","2005-07-29 23:49:23"
"558","559","21","2","9149","0.99","2005-07-30 10:45:12"
"559","560","21","1","9699","5.99","2005-07-31 07:29:25"
"560","561","21","2","10570","4.99","2005-08-01 13:23:06"
"561","562","21","1","10734","0.99","2005-08-01 19:28:47"
"562","563","21","2","11072","0.99","2005-08-02 07:10:57"
"563","564","21","2","11970","0.99","2005-08-17 17:53:09"
"564","565","21","2","12131","2.99","2005-08-17 23:34:16"
"565","566","21","2","12660","4.99","2005-08-18 19:07:23"
"566","567","21","1","12774","6.99","2005-08-18 23:34:22"
"567","568","21","1","13381","2.99","2005-08-19 21:37:57"
"568","569","21","2","13399","4.99","2005-08-19 22:09:28"
"569","570","21","1","13411","4.99","2005-08-19 22:43:38"
"570","571","21","1","13463","8.99","2005-08-20 00:50:54"
"571","572","21","1","13699","9.99","2005-08-20 09:26:14"
"572","573","21","1","13740","4.99","2005-08-20 10:48:43"
"573","574","21","2","14077","8.99","2005-08-20 23:24:07"
"574","575","21","2","14161","2.99","2005-08-21 02:51:59"
"575","576","21","2","14446","2.99","2005-08-21 12:10:41"
"576","577","21","1","14869","4.99","2005-08-22 03:20:26"
"577","578","21","1","14933","2.99","2006-02-14 15:16:03"
"578","579","22","1","370","4.99","2005-05-27 07:49:43"
"579","580","22","1","556","4.99","2005-05-28 08:31:36"
"580","581","22","2","820","8.99","2005-05-29 21:07:22"
"581","582","22","1","3419","2.99","2005-06-21 17:18:01"
"582","583","22","2","4215","2.99","2005-07-07 12:00:52"
"583","584","22","1","5294","6.99","2005-07-09 15:23:42"
"584","585","22","1","5815","2.99","2005-07-10 15:48:19"
"585","586","22","1","7087","4.99","2005-07-27 04:42:08"
"586","587","22","1","7705","7.99","2005-07-28 04:02:58"
"587","588","22","2","9410","0.99","2005-07-30 20:38:05"
"588","589","22","1","9580","4.99","2005-07-31 03:01:11"
"589","590","22","1","12023","5.99","2005-08-17 19:54:54"
"590","591","22","1","12124","2.99","2005-08-17 23:22:46"
"591","592","22","2","12809","0.99","2005-08-19 00:42:24"
"592","593","22","2","13060","9.99","2005-08-19 09:43:25"
"593","594","22","1","14056","2.99","2005-08-20 22:18:53"
"594","595","22","1","14564","6.99","2005-08-21 16:24:43"
"595","596","22","1","15134","7.99","2005-08-22 13:18:25"
"596","597","22","1","15589","6.99","2005-08-23 06:03:31"
"597","598","22","1","15658","4.99","2005-08-23 08:48:43"
"598","599","22","1","15793","4.99","2005-08-23 14:06:19"
"599","600","22","1","12222","4.99","2006-02-14 15:16:03"
"600","601","23","1","129","8.99","2005-05-25 21:20:03"
"601","602","23","1","654","2.99","2005-05-28 20:15:30"
"602","603","23","2","1090","0.99","2005-05-31 12:03:44"
"603","604","23","1","2753","1.99","2005-06-19 16:44:35"
"604","605","23","1","2827","0.99","2005-06-19 20:50:01"
"605","606","23","1","3015","5.99","2005-06-20 10:48:56"
"606","607","23","1","3055","4.99","2005-06-20 13:19:58"
"607","608","23","1","3461","2.99","2005-06-21 21:49:18"
"608","609","23","2","3736","3.99","2005-07-06 11:43:44"
"609","610","23","2","3781","2.99","2005-07-06 13:53:41"
"610","611","23","2","4853","2.99","2005-07-08 18:43:18"
"611","612","23","1","6213","2.99","2005-07-11 12:43:07"
"612","613","23","1","6238","2.99","2005-07-11 14:20:18"
"613","614","23","2","6917","5.99","2005-07-12 22:30:15"
"614","615","23","1","7155","7.99","2005-07-27 07:18:46"
"615","616","23","1","8015","2.99","2005-07-28 15:33:03"
"616","617","23","2","8718","0.99","2005-07-29 17:41:14"
"617","618","23","2","9209","5.99","2005-07-30 12:55:36"
"618","619","23","2","9255","9.99","2005-07-30 14:26:46"
"619","620","23","2","9718","3.99","2005-07-31 08:25:03"
"620","621","23","1","10132","6.99","2005-07-31 21:50:24"
"621","622","23","1","10898","2.99","2005-08-02 01:29:57"
"622","623","23","2","11501","2.99","2005-08-16 23:04:53"
"623","624","23","2","13290","2.99","2005-08-19 18:31:50"
"624","625","23","2","13331","4.99","2005-08-19 20:00:25"
"625","626","23","2","13429","6.99","2005-08-19 23:25:37"
"626","627","23","2","13511","0.99","2005-08-20 02:21:40"
"627","628","23","2","13557","0.99","2005-08-20 04:12:41"
"628","629","23","2","14482","2.99","2005-08-21 13:42:45"
"629","630","23","2","15532","2.99","2006-02-14 15:16:03"
"630","631","24","2","1007","6.99","2005-05-31 01:02:28"
"631","632","24","2","1077","2.99","2005-05-31 10:22:54"
"632","633","24","1","1716","2.99","2005-06-16 14:39:31"
"633","634","24","1","2070","2.99","2005-06-17 16:27:51"
"634","635","24","2","2116","4.99","2005-06-17 20:16:12"
"635","636","24","1","2451","5.99","2005-06-18 19:28:02"
"636","637","24","2","2963","7.99","2005-06-20 07:33:09"
"637","638","24","2","3649","7.99","2005-07-06 07:32:42"
"638","639","24","2","4378","2.99","2005-07-07 20:29:08"
"639","640","24","1","5310","0.99","2005-07-09 16:00:34"
"640","641","24","2","5648","0.99","2005-07-10 07:09:21"
"641","642","24","1","6855","4.99","2005-07-12 19:46:29"
"642","643","24","1","7266","1.99","2005-07-27 11:22:17"
"643","644","24","1","8947","4.99","2005-07-30 03:15:37"
"644","645","24","1","9723","0.99","2005-07-31 08:31:18"
"645","646","24","2","9925","0.99","2005-07-31 15:08:47"
"646","647","24","2","10491","2.99","2005-08-01 10:38:27"
"647","648","24","1","11209","2.99","2005-08-02 12:09:45"
"648","649","24","2","11546","2.99","2005-08-17 00:57:36"
"649","650","24","2","12165","8.99","2005-08-18 00:53:37"
"650","651","24","1","12745","2.99","2005-08-18 22:22:45"
"651","652","24","1","12999","1.99","2005-08-19 07:34:53"
"652","653","24","2","13058","4.99","2005-08-19 09:40:53"
"653","654","24","1","13247","0.99","2005-08-19 16:45:59"
"654","655","24","2","15357","4.99","2005-08-22 21:28:59"
"655","656","25","1","90","7.99","2005-05-25 14:31:25"
"656","657","25","2","1033","2.99","2005-05-31 04:50:07"
"657","658","25","1","1338","4.99","2005-06-15 12:17:34"
"658","659","25","1","1365","2.99","2005-06-15 14:09:55"
"659","660","25","2","1754","6.99","2005-06-16 17:13:23"
"660","661","25","2","2625","8.99","2005-06-19 08:23:11"
"661","662","25","1","2901","4.99","2005-06-20 02:41:28"
"662","663","25","1","3447","4.99","2005-06-21 20:53:31"
"663","664","25","1","4282","2.99","2005-07-07 15:26:31"
"664","665","25","1","4319","0.99","2005-07-07 17:50:27"
"665","666","25","2","4404","2.99","2005-07-07 21:31:53"
"666","667","25","1","5881","2.99","2005-07-10 19:19:43"
"667","668","25","1","6653","4.99","2005-07-12 11:06:17"
"668","669","25","2","6905","2.99","2005-07-12 22:02:18"
"669","670","25","2","8667","2.99","2005-07-29 15:40:57"
"670","671","25","2","8878","0.99","2005-07-30 00:15:57"
"671","672","25","1","9140","8.99","2005-07-30 10:12:01"
"672","673","25","2","9334","2.99","2005-07-30 17:56:38"
"673","674","25","2","9922","2.99","2005-07-31 14:59:37"
"674","675","25","2","10103","2.99","2005-07-31 20:49:13"
"675","676","25","1","10324","5.99","2005-08-01 04:49:06"
"676","677","25","2","10860","2.99","2005-08-02 00:12:32"
"677","678","25","1","10916","2.99","2005-08-02 02:05:59"
"678","679","25","1","11642","0.99","2005-08-17 04:48:05"
"679","680","25","1","12922","0.99","2005-08-19 04:48:48"
"680","681","25","1","14193","4.99","2005-08-21 03:38:27"
"681","682","25","1","14236","4.99","2005-08-21 05:13:16"
"682","683","25","1","15512","0.99","2005-08-23 02:57:30"
"683","684","25","1","15972","5.99","2005-08-23 20:00:30"
"684","685","26","1","796","2.99","2005-05-29 16:59:44"
"685","686","26","2","1105","2.99","2005-05-31 14:33:56"
"686","687","26","1","1440","5.99","2005-06-15 18:53:14"
"687","688","26","2","1706","4.99","2005-06-16 14:01:02"
"688","689","26","1","2093","9.99","2005-06-17 18:14:08"
"689","690","26","2","2416","3.99","2005-06-18 17:07:34"
"690","691","26","2","2421","6.99","2005-06-18 17:25:05"
"691","692","26","1","2532","4.99","2005-06-19 01:27:46"
"692","693","26","1","2745","4.99","2005-06-19 16:21:19"
"693","694","26","1","4065","2.99","2005-07-07 04:32:28"
"694","695","26","1","4274","4.99","2005-07-07 14:42:04"
"695","696","26","1","4382","4.99","2005-07-07 20:41:03"
"696","697","26","2","4402","0.99","2005-07-07 21:28:46"
"697","698","26","1","4431","6.99","2005-07-07 22:39:02"
"698","699","26","1","4536","3.99","2005-07-08 03:43:22"
"699","700","26","1","4641","6.99","2005-07-08 09:09:46"
"700","701","26","1","5437","2.99","2005-07-09 21:32:29"
"701","702","26","1","6149","1.99","2005-07-11 09:19:31"
"702","703","26","2","6243","2.99","2005-07-11 14:53:25"
"703","704","26","2","7328","0.99","2005-07-27 13:55:18"
"704","705","26","1","8241","4.99","2005-07-29 00:33:36"
"705","706","26","1","9484","0.99","2005-07-30 23:31:40"
"706","707","26","1","10386","3.99","2005-08-01 06:42:20"
"707","708","26","1","10996","3.99","2005-08-02 04:48:11"
"708","709","26","2","11314","2.99","2005-08-02 16:04:08"
"709","710","26","1","11338","0.99","2005-08-02 17:00:12"
"710","711","26","1","11744","5.99","2005-08-17 08:54:30"
"711","712","26","2","13111","4.99","2005-08-19 11:25:10"
"712","713","26","2","14183","4.99","2005-08-21 03:24:29"
"713","714","26","2","14192","8.99","2005-08-21 03:37:42"
"714","715","26","2","14603","1.99","2005-08-21 17:51:06"
"715","716","26","1","14677","7.99","2005-08-21 20:12:30"
"716","717","26","1","15384","2.99","2005-08-22 22:34:44"
"717","718","26","1","15722","7.99","2005-08-23 11:16:29"
"718","719","27","2","787","2.99","2005-05-29 16:03:03"
"719","720","27","1","1310","4.99","2005-06-15 10:11:42"
"720","721","27","2","1480","4.99","2005-06-15 21:17:17"
"721","722","27","2","1699","2.99","2005-06-16 13:05:09"
"722","723","27","2","1960","3.99","2005-06-17 08:59:57"
"723","724","27","2","2512","2.99","2005-06-18 23:48:47"
"724","725","27","1","2815","4.99","2005-06-19 20:03:29"
"725","726","27","1","3038","1.99","2005-06-20 12:28:59"
"726","727","27","2","3420","3.99","2005-06-21 17:22:36"
"727","728","27","2","4038","0.99","2005-07-07 02:52:53"
"728","729","27","1","4510","5.99","2005-07-08 02:34:51"
"729","730","27","1","5552","0.99","2005-07-10 03:01:19"
"730","731","27","1","5736","4.99","2005-07-10 11:45:48"
"731","732","27","2","6115","0.99","2005-07-11 07:36:50"
"732","733","27","2","6562","5.99","2005-07-12 05:26:26"
"733","734","27","2","6658","4.99","2005-07-12 11:13:21"
"734","735","27","1","7927","1.99","2005-07-28 12:13:42"
"735","736","27","2","9244","0.99","2005-07-30 14:06:53"
"736","737","27","2","9636","5.99","2005-07-31 05:12:59"
"737","738","27","1","9673","7.99","2005-07-31 06:34:55"
"738","739","27","1","9908","4.99","2005-07-31 14:39:52"
"739","740","27","1","10794","7.99","2005-08-01 21:51:15"
"740","741","27","1","10852","4.99","2005-08-02 00:00:33"
"741","742","27","1","11234","0.99","2005-08-02 13:12:17"
"742","743","27","1","11661","8.99","2005-08-17 05:25:57"
"743","744","27","2","11740","6.99","2005-08-17 08:48:31"
"744","745","27","2","12021","5.99","2005-08-17 19:52:43"
"745","746","27","2","12461","0.99","2005-08-18 11:28:14"
"746","747","27","1","12531","2.99","2005-08-18 13:57:50"
"747","748","27","2","13816","4.99","2005-08-20 13:13:56"
"748","749","27","1","15048","0.99","2005-08-22 10:00:04"
"749","750","28","2","388","2.99","2005-05-27 10:37:27"
"750","751","28","1","868","2.99","2005-05-30 04:19:55"
"751","752","28","2","1240","2.99","2005-06-15 04:58:07"
"752","753","28","1","1543","4.99","2005-06-16 01:24:08"
"753","754","28","2","2299","3.99","2005-06-18 08:18:52"
"754","755","28","2","2604","0.99","2005-06-19 06:30:10"
"755","756","28","1","3231","0.99","2005-06-21 02:25:00"
"756","757","28","1","3845","0.99","2005-07-06 16:38:14"
"757","758","28","2","4704","0.99","2005-07-08 11:45:35"
"758","759","28","2","4951","4.99","2005-07-08 22:58:21"
"759","760","28","2","5653","2.99","2005-07-10 07:21:27"
"760","761","28","1","5817","5.99","2005-07-10 15:49:12"
"761","762","28","2","6032","0.99","2005-07-11 02:49:01"
"762","763","28","2","6476","0.99","2005-07-12 01:37:48"
"763","764","28","1","7580","9.99","2005-07-27 23:07:40"
"764","765","28","1","8464","4.99","2005-07-29 08:18:20"
"765","766","28","1","8901","2.99","2005-07-30 01:07:12"
"766","767","28","2","9544","2.99","2005-07-31 01:44:51"
"767","768","28","2","9593","4.99","2005-07-31 03:22:30"
"768","769","28","2","9705","4.99","2005-07-31 07:40:33"
"769","770","28","2","10116","2.99","2005-07-31 21:14:02"
"770","771","28","2","10294","6.99","2005-08-01 03:48:12"
"771","772","28","1","11444","2.99","2005-08-02 20:32:55"
"772","773","28","1","11856","3.99","2005-08-17 13:44:49"
"773","774","28","2","12190","2.99","2005-08-18 01:54:44"
"774","775","28","1","12359","0.99","2005-08-18 07:44:05"
"775","776","28","1","12708","2.99","2005-08-18 20:59:17"
"776","777","28","2","13783","4.99","2005-08-20 12:11:03"
"777","778","28","2","14540","2.99","2005-08-21 15:34:23"
"778","779","28","1","15445","4.99","2005-08-23 00:48:29"
"779","780","28","1","15491","2.99","2005-08-23 02:08:40"
"780","781","28","2","12938","2.99","2006-02-14 15:16:03"
"781","782","29","2","194","1.99","2005-05-26 06:52:33"
"782","783","29","1","2655","0.99","2005-06-19 10:38:42"
"783","784","29","1","2673","0.99","2005-06-19 11:42:20"
"784","785","29","1","2701","7.99","2005-06-19 13:33:06"
"785","786","29","1","2735","2.99","2005-06-19 15:42:07"
"786","787","29","2","2801","2.99","2005-06-19 19:18:09"
"787","788","29","2","2923","2.99","2005-06-20 04:16:07"
"788","789","29","1","3324","2.99","2005-06-21 08:49:16"
"789","790","29","2","4262","6.99","2005-07-07 14:24:30"
"790","791","29","1","4313","0.99","2005-07-07 17:36:56"
"791","792","29","2","4535","0.99","2005-07-08 03:40:46"
"792","793","29","2","5442","10.99","2005-07-09 21:55:19"
"793","794","29","1","5857","1.99","2005-07-10 17:59:29"
"794","795","29","2","7237","3.99","2005-07-27 10:12:36"
"795","796","29","1","7451","6.99","2005-07-27 18:18:41"
"796","797","29","1","7453","0.99","2005-07-27 18:27:13"
"797","798","29","2","8673","2.99","2005-07-29 15:50:14"
"798","799","29","2","9392","4.99","2005-07-30 19:50:13"
"799","800","29","1","9946","4.99","2005-07-31 15:48:54"
"800","801","29","1","10543","5.99","2005-08-01 12:36:09"
"801","802","29","2","10899","1.99","2005-08-02 01:30:21"
"802","803","29","1","11079","4.99","2005-08-02 07:29:10"
"803","804","29","2","11962","2.99","2005-08-17 17:34:38"
"804","805","29","1","12488","4.99","2005-08-18 12:48:22"
"805","806","29","1","12508","2.99","2005-08-18 13:20:13"
"806","807","29","2","12569","6.99","2005-08-18 15:20:46"
"807","808","29","2","12615","6.99","2005-08-18 17:16:07"
"808","809","29","2","13173","2.99","2005-08-19 13:50:36"
"809","810","29","1","13436","0.99","2005-08-19 23:36:25"
"810","811","29","2","13777","2.99","2005-08-20 12:03:35"
"811","812","29","1","13832","3.99","2005-08-20 14:00:25"
"812","813","29","1","14174","0.99","2005-08-21 03:01:45"
"813","814","29","1","14703","4.99","2005-08-21 21:01:19"
"814","815","29","1","14985","7.99","2005-08-22 07:35:56"
"815","816","29","1","14997","5.99","2005-08-22 07:53:00"
"816","817","29","2","15577","0.99","2006-02-14 15:16:03"
"817","818","30","2","1874","1.99","2005-06-17 02:39:20"
"818","819","30","2","1895","2.99","2005-06-17 04:25:12"
"819","820","30","2","2154","4.99","2005-06-17 22:59:42"
"820","821","30","2","2730","2.99","2005-06-19 15:10:09"
"821","822","30","1","3964","4.99","2005-07-06 22:23:02"
"822","823","30","2","4471","2.99","2005-07-08 00:21:29"
"823","824","30","2","4642","2.99","2005-07-08 09:13:28"
"824","825","30","2","5028","5.99","2005-07-09 02:34:45"
"825","826","30","1","5108","9.99","2005-07-09 06:44:30"
"826","827","30","1","5289","0.99","2005-07-09 15:14:08"
"827","828","30","2","5972","7.99","2005-07-11 00:08:54"
"828","829","30","1","6249","0.99","2005-07-11 15:02:02"
"829","830","30","2","6359","2.99","2005-07-11 21:06:17"
"830","831","30","2","7394","2.99","2005-07-27 16:03:08"
"831","832","30","2","7769","4.99","2005-07-28 06:45:23"
"832","833","30","1","8030","4.99","2005-07-28 16:12:53"
"833","834","30","2","8038","4.99","2005-07-28 16:32:55"
"834","835","30","1","8083","4.99","2005-07-28 18:09:48"
"835","836","30","1","8641","2.99","2005-07-29 14:37:30"
"836","837","30","2","9309","2.99","2005-07-30 16:55:53"
"837","838","30","2","9551","0.99","2005-07-31 02:04:58"
"838","839","30","1","9641","0.99","2005-07-31 05:33:48"
"839","840","30","1","9998","2.99","2005-07-31 17:40:35"
"840","841","30","1","10235","6.99","2005-08-01 01:57:48"
"841","842","30","1","12240","2.99","2005-08-18 03:27:11"
"842","843","30","1","12546","2.99","2005-08-18 14:29:37"
"843","844","30","2","12758","0.99","2005-08-18 22:58:34"
"844","845","30","1","13435","0.99","2005-08-19 23:35:44"
"845","846","30","1","13682","4.99","2005-08-20 08:50:39"
"846","847","30","1","14339","0.99","2005-08-21 08:37:15"
"847","848","30","1","14585","2.99","2005-08-21 17:18:33"
"848","849","30","1","15063","4.99","2005-08-22 10:39:51"
"849","850","30","1","15544","4.99","2005-08-23 04:17:56"
"850","851","30","2","15829","2.99","2005-08-23 15:17:14"
"851","852","31","2","1656","4.99","2005-06-16 10:05:40"
"852","853","31","1","1838","1.99","2005-06-16 23:20:16"
"853","854","31","1","2233","0.99","2005-06-18 03:57:36"
"854","855","31","2","2341","6.99","2005-06-18 11:35:30"
"855","856","31","1","2396","7.99","2005-06-18 15:49:48"
"856","857","31","2","2438","0.99","2005-06-18 18:34:21"
"857","858","31","1","2530","0.99","2005-06-19 01:20:00"
"858","859","31","2","2648","4.99","2005-06-19 10:06:20"
"859","860","31","2","3117","2.99","2005-06-20 18:05:15"
"860","861","31","2","3172","1.99","2005-06-20 22:19:25"
"861","862","31","1","3205","0.99","2005-06-21 00:38:47"
"862","863","31","1","3701","4.99","2005-07-06 10:12:45"
"863","864","31","2","3967","4.99","2005-07-06 22:45:10"
"864","865","31","1","4122","6.99","2005-07-07 07:15:35"
"865","866","31","2","4738","9.99","2005-07-08 13:24:58"
"866","867","31","1","6208","3.99","2005-07-11 12:34:56"
"867","868","31","2","6580","4.99","2005-07-12 06:26:10"
"868","869","31","1","7000","1.99","2005-07-27 01:23:24"
"869","870","31","2","7138","3.99","2005-07-27 06:47:13"
"870","871","31","2","7178","2.99","2005-07-27 08:09:25"
"871","872","31","2","7464","2.99","2005-07-27 18:49:42"
"872","873","31","2","8997","0.99","2005-07-30 04:53:56"
"873","874","31","2","12085","4.99","2005-08-17 22:17:09"
"874","875","31","1","12377","0.99","2005-08-18 08:26:05"
"875","876","31","2","15682","6.99","2005-08-23 09:37:34"
"876","877","31","2","15816","6.99","2005-08-23 14:58:06"
"877","878","32","2","483","4.99","2005-05-27 23:00:25"
"878","879","32","2","803","4.99","2005-05-29 17:52:30"
"879","880","32","2","1067","4.99","2005-05-31 09:12:13"
"880","881","32","2","1887","6.99","2005-06-17 03:53:18"
"881","882","32","2","2160","0.99","2005-06-17 23:39:11"
"882","883","32","2","2624","5.99","2005-06-19 08:22:09"
"883","884","32","2","2891","1.99","2005-06-20 02:02:05"
"884","885","32","1","3500","2.99","2005-07-06 00:11:13"
"885","886","32","1","4434","2.99","2005-07-07 22:48:34"
"886","887","32","2","4771","2.99","2005-07-08 15:33:32"
"887","888","32","2","4899","0.99","2005-07-08 20:37:11"
"888","889","32","1","5307","9.99","2005-07-09 15:57:15"
"889","890","32","1","5767","0.99","2005-07-10 13:13:18"
"890","891","32","1","5954","2.99","2005-07-10 23:22:01"
"891","892","32","1","6122","3.99","2005-07-11 07:58:07"
"892","893","32","2","6450","2.99","2005-07-12 00:49:05"
"893","894","32","1","7084","6.99","2005-07-27 04:34:07"
"894","895","32","1","7589","5.99","2005-07-27 23:23:36"
"895","896","32","1","7793","2.99","2005-07-28 07:26:14"
"896","897","32","2","8390","5.99","2005-07-29 05:52:26"
"897","898","32","2","8453","2.99","2005-07-29 07:46:29"
"898","899","32","2","8914","2.99","2005-07-30 01:42:03"
"899","900","32","1","11135","4.99","2005-08-02 09:22:25"
"900","901","32","2","11831","4.99","2005-08-17 12:54:47"
"901","902","32","2","12414","9.99","2005-08-18 09:50:40"
"902","903","32","1","13736","8.99","2005-08-20 10:31:23"
"903","904","32","1","13931","1.99","2005-08-20 17:16:10"
"904","905","32","1","14075","0.99","2005-08-20 23:18:54"
"905","906","32","2","14570","5.99","2005-08-21 16:32:32"
"906","907","33","1","165","2.99","2005-05-26 02:28:36"
"907","908","33","1","1301","10.99","2005-06-15 09:46:33"
"908","909","33","2","3173","8.99","2005-06-20 22:21:10"
"909","910","33","1","4095","5.99","2005-07-07 06:01:48"
"910","911","33","1","5421","0.99","2005-07-09 20:49:12"
"911","912","33","1","5723","4.99","2005-07-10 11:14:48"
"912","913","33","2","6280","0.99","2005-07-11 16:36:17"
"913","914","33","1","7992","4.99","2005-07-28 14:53:06"
"914","915","33","1","9040","4.99","2005-07-30 06:31:45"
"915","916","33","2","9085","4.99","2005-07-30 08:17:24"
"916","917","33","1","9254","1.99","2005-07-30 14:26:11"
"917","918","33","2","10335","2.99","2005-08-01 04:59:30"
"918","919","33","1","10870","4.99","2005-08-02 00:27:12"
"919","920","33","1","13241","7.99","2005-08-19 16:25:00"
"920","921","33","1","13858","2.99","2005-08-20 14:50:57"
"921","922","33","1","13958","7.99","2005-08-20 18:11:44"
"922","923","33","1","14002","0.99","2005-08-20 20:12:19"
"923","924","33","1","14623","0.99","2005-08-21 18:29:13"
"924","925","33","1","15096","5.99","2005-08-22 11:43:04"
"925","926","33","2","15115","2.99","2005-08-22 12:28:01"
"926","927","33","1","12277","0.99","2006-02-14 15:16:03"
"927","928","34","1","1900","4.99","2005-06-17 04:29:58"
"928","929","34","2","2257","5.99","2005-06-18 05:29:52"
"929","930","34","1","3150","0.99","2005-06-20 20:35:28"
"930","931","34","2","3508","3.99","2005-07-06 00:24:25"
"931","932","34","1","3911","2.99","2005-07-06 20:09:11"
"932","933","34","1","5188","4.99","2005-07-09 10:22:31"
"933","934","34","2","5643","4.99","2005-07-10 06:49:00"
"934","935","34","2","5918","5.99","2005-07-10 21:32:06"
"935","936","34","2","7015","2.99","2005-07-27 02:15:01"
"936","937","34","2","7124","2.99","2005-07-27 06:09:30"
"937","938","34","1","7532","0.99","2005-07-27 21:20:52"
"938","939","34","1","9160","3.99","2005-07-30 11:17:33"
"939","940","34","1","10523","0.99","2005-08-01 11:52:32"
"940","941","34","1","10615","4.99","2005-08-01 14:58:14"
"941","942","34","2","11096","0.99","2005-08-02 08:05:19"
"942","943","34","1","11505","2.99","2005-08-16 23:18:47"
"943","944","34","2","11701","4.99","2005-08-17 07:15:47"
"944","945","34","2","12286","2.99","2005-08-18 04:57:59"
"945","946","34","1","12599","2.99","2005-08-18 16:42:45"
"946","947","34","1","12651","0.99","2005-08-18 18:36:16"
"947","948","34","1","13371","4.99","2005-08-19 21:21:47"
"948","949","34","2","13949","2.99","2005-08-20 17:55:13"
"949","950","34","1","14686","5.99","2005-08-21 20:32:08"
"950","951","34","2","14701","7.99","2005-08-21 20:54:32"
"951","952","35","2","47","3.99","2005-05-25 06:05:20"
"952","953","35","1","424","6.99","2005-05-27 15:34:01"
"953","954","35","1","1579","0.99","2005-06-16 04:09:08"
"954","955","35","1","1989","2.99","2005-06-17 10:47:24"
"955","956","35","1","2229","4.99","2005-06-18 03:50:18"
"956","957","35","1","2231","0.99","2005-06-18 03:52:14"
"957","958","35","1","2743","2.99","2005-06-19 16:15:56"
"958","959","35","2","3112","4.99","2005-06-20 17:53:30"
"959","960","35","2","3597","2.99","2005-07-06 05:03:59"
"960","961","35","2","4098","4.99","2005-07-07 06:14:51"
"961","962","35","2","4990","0.99","2005-07-09 00:48:49"
"962","963","35","1","5013","2.99","2005-07-09 01:46:45"
"963","964","35","2","5323","0.99","2005-07-09 16:34:07"
"964","965","35","1","5916","5.99","2005-07-10 21:26:31"
"965","966","35","1","5963","0.99","2005-07-10 23:47:08"
"966","967","35","1","6147","5.99","2005-07-11 09:13:08"
"967","968","35","1","6401","4.99","2005-07-11 22:44:34"
"968","969","35","1","6565","4.99","2005-07-12 05:39:50"
"969","970","35","1","6572","4.99","2005-07-12 05:56:38"
"970","971","35","1","7140","4.99","2005-07-27 06:54:12"
"971","972","35","1","8822","6.99","2005-07-29 22:20:21"
"972","973","35","1","8971","5.99","2005-07-30 04:03:58"
"973","974","35","2","9033","2.99","2005-07-30 06:07:42"
"974","975","35","1","9579","6.99","2005-07-31 02:59:20"
"975","976","35","1","11298","1.99","2005-08-02 15:32:32"
"976","977","35","1","11452","7.99","2005-08-02 20:59:52"
"977","978","35","1","11645","4.99","2005-08-17 04:50:56"
"978","979","35","1","12055","4.99","2005-08-17 21:02:19"
"979","980","35","1","13735","2.99","2005-08-20 10:31:01"
"980","981","35","1","14110","0.99","2005-08-21 00:53:09"
"981","982","35","2","14124","2.99","2005-08-21 01:31:51"
"982","983","35","2","14735","4.99","2005-08-21 22:25:09"
"983","984","36","1","349","0.99","2005-05-27 04:53:11"
"984","985","36","1","716","0.99","2005-05-29 04:35:29"
"985","986","36","2","2741","0.99","2005-06-19 16:05:41"
"986","987","36","2","4135","0.99","2005-07-07 08:15:03"
"987","988","36","2","4560","4.99","2005-07-08 04:58:48"
"988","989","36","2","4762","4.99","2005-07-08 14:54:42"
"989","990","36","1","5403","0.99","2005-07-09 20:07:09"
"990","991","36","2","6030","0.99","2005-07-11 02:37:51"
"991","992","36","1","7205","6.99","2005-07-27 09:06:13"
"992","993","36","1","7647","0.99","2005-07-28 01:35:17"
"993","994","36","2","7919","6.99","2005-07-28 11:59:45"
"994","995","36","2","8099","0.99","2005-07-28 18:35:12"
"995","996","36","1","8391","2.99","2005-07-29 05:52:50"
"996","997","36","1","8952","4.99","2005-07-30 03:20:38"
"997","998","36","1","9369","2.99","2005-07-30 18:52:19"
"998","999","36","2","9805","0.99","2005-07-31 11:11:10"
"999","1000","36","2","10525","2.99","2005-08-01 11:53:17"
"1000","1001","36","2","10761","2.99","2005-08-01 20:25:35"
