rental_key,rental_id,inventory_id,customer_id,rental_date,return_date
1,1,367,130,"2005-05-24 22:53:30","2005-05-26 22:04:30"
2,2,1525,459,"2005-05-24 22:54:33","2005-05-28 19:40:33"
3,3,1711,408,"2005-05-24 23:03:39","2005-06-01 22:12:39"
4,4,2452,333,"2005-05-24 23:04:41","2005-06-03 01:43:41"
5,5,2079,222,"2005-05-24 23:05:21","2005-06-02 04:33:21"
6,6,2792,549,"2005-05-24 23:08:07","2005-05-27 01:32:07"
7,7,3995,269,"2005-05-24 23:11:53","2005-05-29 20:34:53"
8,8,2346,239,"2005-05-24 23:31:46","2005-05-27 23:33:46"
9,9,2580,126,"2005-05-25 00:00:40","2005-05-28 00:22:40"
10,10,1824,399,"2005-05-25 00:02:21","2005-05-31 22:44:21"
11,11,4443,142,"2005-05-25 00:09:02","2005-06-02 20:56:02"
12,12,1584,261,"2005-05-25 00:19:27","2005-05-30 05:44:27"
13,13,2294,334,"2005-05-25 00:22:55","2005-05-30 04:28:55"
14,14,2701,446,"2005-05-25 00:31:15","2005-05-26 02:56:15"
15,15,3049,319,"2005-05-25 00:39:22","2005-06-03 03:30:22"
16,16,389,316,"2005-05-25 00:43:11","2005-05-26 04:42:11"
17,17,830,575,"2005-05-25 01:06:36","2005-05-27 00:43:36"
18,18,3376,19,"2005-05-25 01:10:47","2005-05-31 06:35:47"
19,19,1941,456,"2005-05-25 01:17:24","2005-05-31 06:00:24"
20,20,3517,185,"2005-05-25 01:48:41","2005-05-27 02:20:41"
21,21,146,388,"2005-05-25 01:59:46","2005-05-26 01:01:46"
22,22,727,509,"2005-05-25 02:19:23","2005-05-26 04:52:23"
23,23,4441,438,"2005-05-25 02:40:21","2005-05-29 06:34:21"
24,24,3273,350,"2005-05-25 02:53:02","2005-05-27 01:15:02"
25,25,3961,37,"2005-05-25 03:21:20","2005-05-27 21:25:20"
26,26,4371,371,"2005-05-25 03:36:50","2005-05-31 00:34:50"
27,27,1225,301,"2005-05-25 03:41:50","2005-05-30 01:13:50"
28,28,4068,232,"2005-05-25 03:42:37","2005-05-26 09:26:37"
29,29,611,44,"2005-05-25 03:47:12","2005-05-30 00:31:12"
30,30,3744,430,"2005-05-25 04:01:32","2005-05-30 03:12:32"
31,31,4482,369,"2005-05-25 04:05:17","2005-05-30 07:15:17"
32,32,3832,230,"2005-05-25 04:06:21","2005-05-25 23:55:21"
33,33,1681,272,"2005-05-25 04:18:51","2005-05-27 03:58:51"
34,34,2613,597,"2005-05-25 04:19:28","2005-05-29 00:10:28"
35,35,1286,484,"2005-05-25 04:24:36","2005-05-27 07:02:36"
36,36,1308,88,"2005-05-25 04:36:26","2005-05-29 00:31:26"
37,37,403,535,"2005-05-25 04:44:31","2005-05-29 01:03:31"
38,38,2540,302,"2005-05-25 04:47:44","2005-06-01 00:58:44"
39,39,4466,207,"2005-05-25 04:51:46","2005-05-31 03:14:46"
40,40,2638,413,"2005-05-25 05:09:04","2005-05-27 23:12:04"
41,41,1761,174,"2005-05-25 05:12:29","2005-06-02 00:28:29"
42,42,380,523,"2005-05-25 05:24:58","2005-05-31 02:47:58"
43,43,2578,532,"2005-05-25 05:39:25","2005-05-26 06:54:25"
44,44,3098,207,"2005-05-25 05:53:23","2005-05-29 10:56:23"
45,45,1853,436,"2005-05-25 05:59:39","2005-06-02 09:56:39"
46,46,3318,7,"2005-05-25 06:04:08","2005-06-02 08:18:08"
47,47,2211,35,"2005-05-25 06:05:20","2005-05-30 03:04:20"
48,48,1780,282,"2005-05-25 06:20:46","2005-06-02 05:42:46"
49,49,2965,498,"2005-05-25 06:39:35","2005-05-30 10:12:35"
50,50,1983,18,"2005-05-25 06:44:53","2005-05-28 11:28:53"
51,51,1257,256,"2005-05-25 06:49:10","2005-05-26 06:42:10"
52,52,4017,507,"2005-05-25 06:51:29","2005-05-31 01:27:29"
53,53,1255,569,"2005-05-25 07:19:16","2005-05-27 05:19:16"
54,54,2787,291,"2005-05-25 07:23:25","2005-06-01 05:05:25"
55,55,1139,131,"2005-05-25 08:26:13","2005-05-30 10:57:13"
56,56,1352,511,"2005-05-25 08:28:11","2005-05-26 14:21:11"
57,57,3938,6,"2005-05-25 08:43:32","2005-05-29 06:42:32"
58,58,3050,323,"2005-05-25 08:53:14","2005-05-28 14:40:14"
59,59,2884,408,"2005-05-25 08:56:42","2005-06-01 09:52:42"
60,60,330,470,"2005-05-25 08:58:25","2005-05-30 14:14:25"
61,61,4210,250,"2005-05-25 09:01:57","2005-06-02 07:22:57"
62,62,261,419,"2005-05-25 09:18:52","2005-05-30 10:55:52"
63,63,4008,383,"2005-05-25 09:19:16","2005-05-27 04:24:16"
64,64,79,368,"2005-05-25 09:21:29","2005-06-03 11:31:29"
65,65,3552,346,"2005-05-25 09:32:03","2005-05-29 14:21:03"
66,66,1162,86,"2005-05-25 09:35:12","2005-05-29 04:16:12"
67,67,239,119,"2005-05-25 09:41:01","2005-05-27 13:46:01"
68,68,4029,120,"2005-05-25 09:47:31","2005-05-31 10:20:31"
69,69,3207,305,"2005-05-25 10:10:14","2005-05-27 14:02:14"
70,70,2168,73,"2005-05-25 10:15:23","2005-05-27 05:56:23"
71,71,2408,100,"2005-05-25 10:26:39","2005-05-28 04:59:39"
72,72,2260,48,"2005-05-25 10:52:13","2005-05-28 05:52:13"
73,73,517,391,"2005-05-25 11:00:07","2005-06-01 13:56:07"
74,74,1744,265,"2005-05-25 11:09:48","2005-05-26 12:23:48"
75,75,3393,510,"2005-05-25 11:13:34","2005-06-03 12:58:34"
76,76,3021,1,"2005-05-25 11:30:37","2005-06-03 12:00:37"
77,77,1303,451,"2005-05-25 11:31:59","2005-05-26 16:53:59"
78,78,4067,135,"2005-05-25 11:35:18","2005-05-31 12:48:18"
79,79,3299,245,"2005-05-25 12:11:07","2005-06-03 10:54:07"
80,80,2478,314,"2005-05-25 12:12:07","2005-05-31 17:46:07"
81,81,2610,286,"2005-05-25 12:15:19","2005-06-02 14:08:19"
82,82,1388,427,"2005-05-25 12:17:46","2005-06-01 10:48:46"
83,83,466,131,"2005-05-25 12:30:15","2005-05-27 15:40:15"
84,84,1829,492,"2005-05-25 12:36:30","2005-05-29 18:33:30"
85,85,470,414,"2005-05-25 13:05:34","2005-05-29 16:53:34"
86,86,2275,266,"2005-05-25 13:36:12","2005-05-30 14:53:12"
87,87,1586,331,"2005-05-25 13:52:43","2005-05-29 11:12:43"
88,88,2221,53,"2005-05-25 14:13:54","2005-05-29 09:32:54"
89,89,2181,499,"2005-05-25 14:28:29","2005-05-29 14:33:29"
90,90,2984,25,"2005-05-25 14:31:25","2005-06-01 10:07:25"
91,91,139,267,"2005-05-25 14:57:22","2005-06-01 18:32:22"
92,92,775,302,"2005-05-25 15:38:46","2005-05-31 13:40:46"
93,93,4360,288,"2005-05-25 15:54:16","2005-06-03 20:18:16"
94,94,1675,197,"2005-05-25 16:03:42","2005-05-30 14:23:42"
95,95,178,400,"2005-05-25 16:12:52","2005-06-02 18:55:52"
96,96,3418,49,"2005-05-25 16:32:19","2005-05-30 10:47:19"
97,97,1283,263,"2005-05-25 16:34:24","2005-05-28 12:13:24"
98,98,2970,269,"2005-05-25 16:48:24","2005-05-27 11:29:24"
99,99,535,44,"2005-05-25 16:50:20","2005-05-28 18:52:20"
100,100,2599,208,"2005-05-25 16:50:28","2005-06-02 22:11:28"
101,101,617,468,"2005-05-25 17:17:04","2005-05-31 19:47:04"
102,102,373,343,"2005-05-25 17:22:10","2005-05-31 19:47:10"
103,103,3343,384,"2005-05-25 17:30:42","2005-06-03 22:36:42"
104,104,4281,310,"2005-05-25 17:46:33","2005-05-27 15:20:33"
105,105,794,108,"2005-05-25 17:54:12","2005-05-30 12:03:12"
106,106,3627,196,"2005-05-25 18:18:19","2005-06-04 00:01:19"
107,107,2833,317,"2005-05-25 18:28:09","2005-06-03 22:46:09"
108,108,3289,242,"2005-05-25 18:30:05","2005-05-30 19:40:05"
109,109,1044,503,"2005-05-25 18:40:20","2005-05-29 20:39:20"
110,110,4108,19,"2005-05-25 18:43:49","2005-06-03 18:13:49"
111,111,3725,227,"2005-05-25 18:45:19","2005-05-28 17:18:19"
112,112,2153,500,"2005-05-25 18:57:24","2005-06-02 20:44:24"
113,113,2963,93,"2005-05-25 19:07:40","2005-05-27 22:16:40"
114,114,4502,506,"2005-05-25 19:12:42","2005-06-01 23:10:42"
115,115,749,455,"2005-05-25 19:13:25","2005-05-29 20:17:25"
116,116,4453,18,"2005-05-25 19:27:51","2005-05-26 16:23:51"
117,117,4278,7,"2005-05-25 19:30:46","2005-05-31 23:59:46"
118,118,872,524,"2005-05-25 19:31:18","2005-05-31 15:00:18"
119,119,1359,51,"2005-05-25 19:37:02","2005-05-29 23:51:02"
120,120,37,365,"2005-05-25 19:37:47","2005-06-01 23:29:47"
121,121,1053,405,"2005-05-25 19:41:29","2005-05-29 21:31:29"
122,122,2908,273,"2005-05-25 19:46:21","2005-06-02 19:07:21"
123,123,1795,43,"2005-05-25 20:26:42","2005-05-26 19:41:42"
124,124,212,246,"2005-05-25 20:46:11","2005-05-30 00:47:11"
125,125,952,368,"2005-05-25 20:48:50","2005-06-02 21:39:50"
126,126,2047,439,"2005-05-25 21:07:59","2005-05-28 18:51:59"
127,127,2026,94,"2005-05-25 21:10:40","2005-06-02 21:38:40"
128,128,4322,40,"2005-05-25 21:19:53","2005-05-29 23:34:53"
129,129,4154,23,"2005-05-25 21:20:03","2005-06-04 01:25:03"
130,130,3990,56,"2005-05-25 21:21:56","2005-05-30 22:41:56"
131,131,815,325,"2005-05-25 21:42:46","2005-05-30 23:25:46"
132,132,3367,479,"2005-05-25 21:46:54","2005-05-31 21:02:54"
133,133,399,237,"2005-05-25 21:48:30","2005-05-30 00:26:30"
134,134,2272,222,"2005-05-25 21:48:41","2005-06-02 18:28:41"
135,135,103,304,"2005-05-25 21:58:58","2005-06-03 17:50:58"
136,136,2296,504,"2005-05-25 22:02:30","2005-05-31 18:06:30"
137,137,2591,560,"2005-05-25 22:25:18","2005-06-01 02:30:18"
138,138,4134,586,"2005-05-25 22:48:22","2005-05-29 20:21:22"
139,139,327,257,"2005-05-25 23:00:21","2005-05-29 17:12:21"
140,140,655,354,"2005-05-25 23:34:22","2005-05-27 01:10:22"
141,141,811,89,"2005-05-25 23:34:53","2005-06-02 01:57:53"
142,142,4407,472,"2005-05-25 23:43:47","2005-05-29 00:46:47"
143,143,847,297,"2005-05-25 23:45:52","2005-05-27 21:41:52"
144,144,1689,357,"2005-05-25 23:49:56","2005-06-01 21:41:56"
145,145,3905,82,"2005-05-25 23:59:03","2005-05-31 02:56:03"
146,146,1431,433,"2005-05-26 00:07:11","2005-06-04 00:20:11"
147,147,633,274,"2005-05-26 00:17:50","2005-05-29 23:21:50"
148,148,4252,142,"2005-05-26 00:25:23","2005-06-01 19:29:23"
149,149,1084,319,"2005-05-26 00:28:05","2005-06-02 21:30:05"
150,150,909,429,"2005-05-26 00:28:39","2005-06-01 02:10:39"
151,151,2942,14,"2005-05-26 00:37:28","2005-05-30 06:28:28"
152,152,2622,57,"2005-05-26 00:41:10","2005-06-03 06:05:10"
153,153,3888,348,"2005-05-26 00:47:47","2005-05-27 21:28:47"
154,154,1354,185,"2005-05-26 00:55:56","2005-05-29 23:18:56"
155,155,288,551,"2005-05-26 01:15:05","2005-06-01 00:03:05"
156,156,3193,462,"2005-05-26 01:19:05","2005-05-27 23:43:05"
157,157,887,344,"2005-05-26 01:25:21","2005-05-26 21:17:21"
158,158,2395,354,"2005-05-26 01:27:11","2005-06-03 00:30:11"
159,159,3453,505,"2005-05-26 01:34:28","2005-05-29 04:00:28"
160,160,1885,290,"2005-05-26 01:46:20","2005-06-01 05:45:20"
161,161,2941,182,"2005-05-26 01:51:48","2005-05-27 05:42:48"
162,162,1229,296,"2005-05-26 02:02:05","2005-05-27 03:38:05"
163,163,2306,104,"2005-05-26 02:26:23","2005-06-04 06:36:23"
164,164,1070,151,"2005-05-26 02:26:49","2005-05-28 00:32:49"
165,165,2735,33,"2005-05-26 02:28:36","2005-06-02 03:21:36"
166,166,3894,322,"2005-05-26 02:49:11","2005-05-31 01:28:11"
167,167,865,401,"2005-05-26 02:50:31","2005-05-27 03:07:31"
168,168,2714,469,"2005-05-26 03:07:43","2005-06-02 02:09:43"
169,169,1758,381,"2005-05-26 03:09:30","2005-05-27 01:37:30"
170,170,3688,107,"2005-05-26 03:11:12","2005-06-02 03:53:12"
171,171,4483,400,"2005-05-26 03:14:15","2005-06-03 00:24:15"
172,172,2873,176,"2005-05-26 03:17:42","2005-05-29 04:11:42"
173,173,3596,533,"2005-05-26 03:42:10","2005-05-28 01:37:10"
174,174,3954,552,"2005-05-26 03:44:10","2005-05-28 07:13:10"
175,175,4346,47,"2005-05-26 03:46:26","2005-06-03 06:01:26"
176,176,851,250,"2005-05-26 03:47:39","2005-06-01 02:36:39"
177,177,3545,548,"2005-05-26 04:14:29","2005-06-01 08:16:29"
178,178,1489,196,"2005-05-26 04:21:46","2005-06-04 07:09:46"
179,179,2575,19,"2005-05-26 04:26:06","2005-06-03 10:06:06"
180,180,2752,75,"2005-05-26 04:46:23","2005-06-01 09:58:23"
181,181,2417,587,"2005-05-26 04:47:06","2005-05-29 06:34:06"
182,182,4396,237,"2005-05-26 04:49:17","2005-06-01 05:43:17"
183,183,2877,254,"2005-05-26 05:01:18","2005-06-01 09:04:18"
184,184,1970,556,"2005-05-26 05:29:49","2005-05-28 10:10:49"
185,185,2598,125,"2005-05-26 05:30:03","2005-06-02 09:48:03"
186,186,1799,468,"2005-05-26 05:32:52","2005-06-03 07:19:52"
187,187,4004,515,"2005-05-26 05:42:37","2005-06-04 00:38:37"
188,188,3342,243,"2005-05-26 05:47:12","2005-05-26 23:48:12"
189,189,984,247,"2005-05-26 06:01:41","2005-05-27 06:11:41"
190,190,3962,533,"2005-05-26 06:11:28","2005-06-01 09:44:28"
191,191,4365,412,"2005-05-26 06:14:06","2005-05-28 05:33:06"
192,192,1897,437,"2005-05-26 06:20:37","2005-06-02 10:57:37"
193,193,3900,270,"2005-05-26 06:41:48","2005-05-30 06:21:48"
194,194,1337,29,"2005-05-26 06:52:33","2005-05-30 04:08:33"
195,195,506,564,"2005-05-26 06:52:36","2005-05-31 02:47:36"
196,196,190,184,"2005-05-26 06:55:58","2005-05-27 10:54:58"
197,197,4212,546,"2005-05-26 06:59:21","2005-06-03 05:04:21"
198,198,1789,54,"2005-05-26 07:03:49","2005-06-04 11:45:49"
199,199,2135,71,"2005-05-26 07:11:58","2005-05-28 09:06:58"
200,200,3926,321,"2005-05-26 07:12:21","2005-05-31 12:07:21"
201,201,776,444,"2005-05-26 07:13:45","2005-06-04 02:02:45"
202,202,674,20,"2005-05-26 07:27:36","2005-06-02 03:52:36"
203,203,3374,109,"2005-05-26 07:27:57","2005-06-03 12:52:57"
204,204,1842,528,"2005-05-26 07:30:37","2005-05-30 08:11:37"
205,205,303,114,"2005-05-26 07:59:37","2005-05-29 09:43:37"
206,206,1717,345,"2005-05-26 08:01:54","2005-05-27 06:26:54"
207,207,102,47,"2005-05-26 08:04:38","2005-05-27 09:32:38"
208,208,3669,274,"2005-05-26 08:10:22","2005-05-27 03:55:22"
209,209,729,379,"2005-05-26 08:14:01","2005-05-27 09:00:01"
210,210,1801,391,"2005-05-26 08:14:15","2005-05-27 12:12:15"
211,211,4005,170,"2005-05-26 08:33:10","2005-05-28 14:09:10"
212,212,764,59,"2005-05-26 08:34:41","2005-05-30 12:46:41"
213,213,1505,394,"2005-05-26 08:44:08","2005-05-31 12:33:08"
214,214,1453,98,"2005-05-26 08:48:49","2005-05-31 04:06:49"
215,215,679,197,"2005-05-26 09:02:47","2005-05-28 09:45:47"
216,216,1398,91,"2005-05-26 09:17:43","2005-06-03 08:21:43"
217,217,4395,121,"2005-05-26 09:24:26","2005-05-31 03:24:26"
218,218,2291,309,"2005-05-26 09:27:09","2005-06-04 11:53:09"
219,219,3074,489,"2005-05-26 09:41:45","2005-05-28 04:40:45"
220,220,1259,542,"2005-05-26 10:06:49","2005-06-01 07:43:49"
221,221,3578,143,"2005-05-26 10:14:09","2005-05-29 05:57:09"
222,222,2745,83,"2005-05-26 10:14:38","2005-05-31 08:36:38"
223,223,3121,460,"2005-05-26 10:15:23","2005-05-30 11:43:23"
224,224,4285,318,"2005-05-26 10:18:27","2005-06-04 06:59:27"
225,225,651,467,"2005-05-26 10:27:50","2005-06-01 07:01:50"
226,226,4181,221,"2005-05-26 10:44:04","2005-05-31 13:26:04"
227,227,214,301,"2005-05-26 10:51:46","2005-05-30 07:24:46"
228,228,511,571,"2005-05-26 10:54:28","2005-06-04 09:39:28"
229,229,1131,312,"2005-05-26 11:19:20","2005-05-31 11:56:20"
230,230,1085,58,"2005-05-26 11:31:50","2005-05-30 15:22:50"
231,231,4032,365,"2005-05-26 11:31:59","2005-05-27 07:27:59"
232,232,2945,256,"2005-05-26 11:38:05","2005-05-27 08:42:05"
233,233,715,531,"2005-05-26 11:43:44","2005-05-28 17:28:44"
234,234,1321,566,"2005-05-26 11:47:20","2005-06-03 10:39:20"
235,235,3537,119,"2005-05-26 11:51:09","2005-06-04 09:36:09"
236,236,1265,446,"2005-05-26 11:53:49","2005-05-28 13:55:49"
237,237,241,536,"2005-05-26 12:15:13","2005-05-29 18:10:13"
238,238,503,211,"2005-05-26 12:30:22","2005-05-27 06:49:22"
239,239,131,49,"2005-05-26 12:30:26","2005-06-01 13:26:26"
240,240,3420,103,"2005-05-26 12:40:23","2005-06-04 07:22:23"
241,241,4438,245,"2005-05-26 12:49:01","2005-05-28 11:43:01"
242,242,2095,214,"2005-05-26 13:05:08","2005-06-02 15:26:08"
243,243,1721,543,"2005-05-26 13:06:05","2005-06-03 17:28:05"
244,244,1041,257,"2005-05-26 13:40:40","2005-05-31 11:58:40"
245,245,3045,158,"2005-05-26 13:46:59","2005-05-27 09:58:59"
246,246,2829,240,"2005-05-26 13:57:07","2005-05-29 10:12:07"
247,247,4095,102,"2005-05-26 14:01:05","2005-05-28 13:38:05"
248,248,1913,545,"2005-05-26 14:07:58","2005-05-31 14:03:58"
249,249,2428,472,"2005-05-26 14:19:09","2005-05-28 17:47:09"
250,250,368,539,"2005-05-26 14:30:24","2005-05-27 08:50:24"
251,251,4352,204,"2005-05-26 14:35:40","2005-05-29 17:17:40"
252,252,1203,187,"2005-05-26 14:39:53","2005-06-02 14:48:53"
253,253,2969,416,"2005-05-26 14:43:14","2005-05-27 12:21:14"
254,254,1835,390,"2005-05-26 14:43:48","2005-05-31 09:19:48"
255,255,3264,114,"2005-05-26 14:52:15","2005-05-27 12:45:15"
256,256,3194,436,"2005-05-26 15:20:58","2005-05-31 15:58:58"
257,257,2570,373,"2005-05-26 15:27:05","2005-05-29 16:25:05"
258,258,3534,502,"2005-05-26 15:28:14","2005-05-30 18:38:14"
259,259,30,482,"2005-05-26 15:32:46","2005-06-04 15:27:46"
260,260,435,21,"2005-05-26 15:42:20","2005-05-31 13:21:20"
261,261,1369,414,"2005-05-26 15:44:23","2005-06-02 09:47:23"
262,262,4261,236,"2005-05-26 15:46:56","2005-05-28 15:49:56"
263,263,1160,449,"2005-05-26 15:47:40","2005-05-30 10:07:40"
264,264,2069,251,"2005-05-26 16:00:49","2005-05-27 10:12:49"
265,265,2276,303,"2005-05-26 16:07:38","2005-06-01 14:20:38"
266,266,3303,263,"2005-05-26 16:08:05","2005-05-27 10:55:05"
267,267,1206,417,"2005-05-26 16:16:21","2005-05-30 16:53:21"
268,268,1714,75,"2005-05-26 16:19:08","2005-05-27 14:35:08"
269,269,3501,322,"2005-05-26 16:19:46","2005-05-27 15:59:46"
270,270,207,200,"2005-05-26 16:20:56","2005-06-03 12:40:56"
271,271,2388,92,"2005-05-26 16:22:01","2005-06-03 17:30:01"
272,272,971,71,"2005-05-26 16:27:11","2005-06-03 13:10:11"
273,273,1590,193,"2005-05-26 16:29:36","2005-05-29 18:49:36"
274,274,656,311,"2005-05-26 16:48:51","2005-06-03 18:17:51"
275,275,1718,133,"2005-05-26 17:09:53","2005-06-04 22:35:53"
276,276,1221,58,"2005-05-26 17:16:07","2005-06-03 12:59:07"
277,277,1409,45,"2005-05-26 17:32:11","2005-05-28 22:54:11"
278,278,182,214,"2005-05-26 17:40:58","2005-06-02 16:43:58"
279,279,661,384,"2005-05-26 18:02:50","2005-06-03 18:48:50"
280,280,1896,167,"2005-05-26 18:36:58","2005-05-27 23:42:58"
281,281,1208,582,"2005-05-26 18:49:35","2005-05-27 18:11:35"
282,282,4486,282,"2005-05-26 18:56:26","2005-06-01 16:32:26"
283,283,3530,242,"2005-05-26 19:05:05","2005-05-31 19:19:05"
284,284,350,359,"2005-05-26 19:21:44","2005-06-04 14:18:44"
285,285,2486,162,"2005-05-26 19:41:40","2005-05-31 16:58:40"
286,286,314,371,"2005-05-26 19:44:51","2005-06-04 18:00:51"
287,287,3631,17,"2005-05-26 19:44:54","2005-06-02 01:10:54"
288,288,3546,82,"2005-05-26 19:47:49","2005-06-03 20:53:49"
289,289,2449,81,"2005-05-26 20:01:09","2005-05-28 15:09:09"
290,290,2776,429,"2005-05-26 20:08:33","2005-05-30 00:32:33"
291,291,485,577,"2005-05-26 20:20:47","2005-06-03 02:06:47"
292,292,4264,515,"2005-05-26 20:22:12","2005-06-05 00:58:12"
293,293,1828,158,"2005-05-26 20:27:02","2005-06-03 16:45:02"
294,294,2751,369,"2005-05-26 20:29:57","2005-05-28 17:20:57"
295,295,4030,65,"2005-05-26 20:33:20","2005-05-27 18:23:20"
296,296,3878,468,"2005-05-26 20:35:19","2005-06-04 02:31:19"
297,297,1594,48,"2005-05-26 20:48:48","2005-05-27 19:52:48"
298,298,1083,460,"2005-05-26 20:52:26","2005-05-29 22:08:26"
299,299,4376,448,"2005-05-26 20:55:36","2005-05-28 00:25:36"
300,300,249,47,"2005-05-26 20:57:00","2005-06-05 01:34:00"
301,301,3448,274,"2005-05-26 21:06:14","2005-06-01 01:54:14"
302,302,2921,387,"2005-05-26 21:13:46","2005-06-03 15:49:46"
303,303,1111,596,"2005-05-26 21:16:52","2005-05-27 23:41:52"
304,304,1701,534,"2005-05-26 21:21:28","2005-06-02 00:05:28"
305,305,2665,464,"2005-05-26 21:22:07","2005-06-02 22:33:07"
306,306,2781,547,"2005-05-26 21:31:57","2005-05-28 19:37:57"
307,307,1097,375,"2005-05-26 21:48:13","2005-06-04 22:24:13"
308,308,187,277,"2005-05-26 22:01:39","2005-06-04 20:24:39"
309,309,1946,251,"2005-05-26 22:38:10","2005-06-02 03:10:10"
310,310,593,409,"2005-05-26 22:41:07","2005-06-02 04:09:07"
311,311,2830,201,"2005-05-26 22:51:37","2005-06-01 00:02:37"
312,312,2008,143,"2005-05-26 22:52:19","2005-06-02 18:14:19"
313,313,4156,594,"2005-05-26 22:56:19","2005-05-29 01:29:19"
314,314,2851,203,"2005-05-26 23:09:41","2005-05-28 22:49:41"
315,315,2847,238,"2005-05-26 23:12:55","2005-05-29 23:33:55"
316,316,3828,249,"2005-05-26 23:22:55","2005-05-29 23:25:55"
317,317,26,391,"2005-05-26 23:23:56","2005-06-01 19:56:56"
318,318,2559,60,"2005-05-26 23:37:39","2005-06-03 04:31:39"
319,319,3024,77,"2005-05-26 23:52:13","2005-05-30 18:55:13"
320,320,1090,2,"2005-05-27 00:09:24","2005-05-28 04:30:24"
321,322,4556,496,"2005-05-27 00:47:35","2005-06-02 00:32:35"
322,323,2362,144,"2005-05-27 00:49:27","2005-05-30 03:12:27"
323,324,3364,292,"2005-05-27 01:00:04","2005-05-30 04:27:04"
324,325,2510,449,"2005-05-27 01:09:55","2005-05-31 07:01:55"
325,326,3979,432,"2005-05-27 01:10:11","2005-06-04 20:25:11"
326,327,2678,105,"2005-05-27 01:18:57","2005-06-04 04:06:57"
327,328,2524,451,"2005-05-27 01:29:31","2005-06-01 02:27:31"
328,329,2659,231,"2005-05-27 01:57:14","2005-05-31 04:19:14"
329,330,1536,248,"2005-05-27 02:15:30","2005-06-04 05:09:30"
330,331,1872,67,"2005-05-27 02:22:26","2005-06-05 00:25:26"
331,332,1529,299,"2005-05-27 02:27:10","2005-06-03 01:26:10"
332,333,4001,412,"2005-05-27 02:52:21","2005-06-01 00:55:21"
333,334,3973,194,"2005-05-27 03:03:07","2005-05-29 03:54:07"
334,335,1411,16,"2005-05-27 03:07:10","2005-06-05 00:15:10"
335,336,1811,275,"2005-05-27 03:15:23","2005-05-29 22:43:23"
336,337,751,19,"2005-05-27 03:22:30","2005-06-02 03:27:30"
337,338,2596,165,"2005-05-27 03:42:52","2005-06-01 05:23:52"
338,339,2410,516,"2005-05-27 03:47:18","2005-06-04 05:46:18"
339,340,946,209,"2005-05-27 03:55:25","2005-06-04 07:57:25"
340,341,4168,56,"2005-05-27 04:01:42","2005-06-05 08:51:42"
341,342,4019,539,"2005-05-27 04:11:04","2005-05-29 01:28:04"
342,343,3301,455,"2005-05-27 04:13:41","2005-05-28 08:34:41"
343,344,2327,236,"2005-05-27 04:30:22","2005-05-29 10:13:22"
344,345,1396,144,"2005-05-27 04:32:25","2005-05-31 09:50:25"
345,346,4319,14,"2005-05-27 04:34:41","2005-06-05 04:24:41"
346,347,1625,378,"2005-05-27 04:40:33","2005-05-28 09:56:33"
347,348,1825,473,"2005-05-27 04:50:56","2005-06-01 04:43:56"
348,349,2920,36,"2005-05-27 04:53:11","2005-05-28 06:33:11"
349,350,2756,9,"2005-05-27 05:01:28","2005-06-04 05:01:28"
350,351,3371,118,"2005-05-27 05:39:03","2005-06-01 11:10:03"
351,352,4369,157,"2005-05-27 05:48:19","2005-05-29 09:05:19"
352,353,3989,503,"2005-05-27 06:03:39","2005-06-03 04:39:39"
353,354,2058,452,"2005-05-27 06:12:26","2005-06-01 06:48:26"
354,355,141,446,"2005-05-27 06:15:33","2005-06-01 02:50:33"
355,356,2868,382,"2005-05-27 06:32:30","2005-05-30 06:24:30"
356,357,4417,198,"2005-05-27 06:37:15","2005-05-30 07:04:15"
357,358,1925,102,"2005-05-27 06:43:59","2005-05-29 11:28:59"
358,359,1156,152,"2005-05-27 06:48:33","2005-05-29 03:55:33"
359,360,3489,594,"2005-05-27 06:51:14","2005-06-03 01:58:14"
360,361,6,587,"2005-05-27 07:03:28","2005-05-31 08:01:28"
361,362,2324,147,"2005-05-27 07:10:25","2005-06-01 08:34:25"
362,363,4282,345,"2005-05-27 07:14:00","2005-05-28 12:22:00"
363,364,833,430,"2005-05-27 07:20:12","2005-05-31 10:44:12"
364,365,2887,167,"2005-05-27 07:31:20","2005-06-04 04:46:20"
365,366,360,134,"2005-05-27 07:33:54","2005-06-04 01:55:54"
366,367,3437,439,"2005-05-27 07:37:02","2005-05-30 05:43:02"
367,368,1247,361,"2005-05-27 07:42:29","2005-06-04 11:20:29"
368,369,944,508,"2005-05-27 07:46:49","2005-06-01 06:20:49"
369,370,3347,22,"2005-05-27 07:49:43","2005-06-05 06:39:43"
370,371,1235,295,"2005-05-27 08:08:18","2005-06-05 03:05:18"
371,372,4089,510,"2005-05-27 08:13:58","2005-06-04 03:50:58"
372,373,1649,464,"2005-05-27 08:16:25","2005-06-01 11:41:25"
373,374,4420,337,"2005-05-27 08:26:30","2005-06-05 07:13:30"
374,375,1815,306,"2005-05-27 08:49:21","2005-06-04 14:11:21"
375,376,3197,542,"2005-05-27 08:58:15","2005-06-02 04:48:15"
376,377,3012,170,"2005-05-27 09:04:05","2005-06-02 03:36:05"
377,378,2242,53,"2005-05-27 09:23:22","2005-05-29 15:20:22"
378,379,3462,584,"2005-05-27 09:25:32","2005-06-02 06:19:32"
379,380,1777,176,"2005-05-27 09:34:39","2005-06-04 11:45:39"
380,381,2748,371,"2005-05-27 09:43:25","2005-05-31 12:00:25"
381,382,4358,183,"2005-05-27 10:12:00","2005-05-31 15:03:00"
382,383,955,298,"2005-05-27 10:12:20","2005-06-03 10:37:20"
383,384,910,371,"2005-05-27 10:18:20","2005-06-02 09:21:20"
384,385,1565,213,"2005-05-27 10:23:25","2005-05-30 15:27:25"
385,386,1288,109,"2005-05-27 10:26:31","2005-05-30 08:32:31"
386,387,2684,506,"2005-05-27 10:35:27","2005-06-01 13:37:27"
387,388,434,28,"2005-05-27 10:37:27","2005-05-30 05:45:27"
388,389,691,500,"2005-05-27 10:45:41","2005-06-05 06:22:41"
389,390,3759,48,"2005-05-27 11:02:26","2005-06-02 16:09:26"
390,391,2193,197,"2005-05-27 11:03:55","2005-06-01 11:59:55"
391,392,263,359,"2005-05-27 11:14:42","2005-06-01 14:28:42"
392,393,145,251,"2005-05-27 11:18:25","2005-05-28 07:10:25"
393,394,1890,274,"2005-05-27 11:26:11","2005-06-03 16:44:11"
394,395,752,575,"2005-05-27 11:45:49","2005-05-31 13:42:49"
395,396,1020,112,"2005-05-27 11:47:04","2005-05-29 10:14:04"
396,397,4193,544,"2005-05-27 12:29:02","2005-05-28 17:36:02"
397,398,1686,422,"2005-05-27 12:44:03","2005-06-02 08:19:03"
398,399,553,204,"2005-05-27 12:48:38","2005-05-29 15:27:38"
399,400,258,249,"2005-05-27 12:51:44","2005-05-31 08:34:44"
400,401,2179,46,"2005-05-27 12:57:55","2005-05-29 17:55:55"
401,402,461,354,"2005-05-27 13:17:18","2005-05-30 08:53:18"
402,403,3983,424,"2005-05-27 13:28:52","2005-05-29 11:47:52"
403,404,1293,168,"2005-05-27 13:31:51","2005-05-30 16:58:51"
404,405,4090,272,"2005-05-27 13:32:39","2005-06-05 18:53:39"
405,406,2136,381,"2005-05-27 13:46:46","2005-05-30 12:43:46"
406,407,1077,44,"2005-05-27 13:57:38","2005-05-31 18:23:38"
407,408,1438,84,"2005-05-27 13:57:39","2005-05-28 11:57:39"
408,409,3652,220,"2005-05-27 14:10:58","2005-06-02 10:40:58"
409,410,4010,506,"2005-05-27 14:11:22","2005-06-02 20:06:22"
410,411,1434,388,"2005-05-27 14:14:14","2005-06-03 17:39:14"
411,412,1400,375,"2005-05-27 14:17:23","2005-05-29 15:07:23"
412,413,3516,307,"2005-05-27 14:45:37","2005-06-03 11:11:37"
413,414,1019,219,"2005-05-27 14:48:20","2005-05-31 14:39:20"
414,415,3698,304,"2005-05-27 14:51:45","2005-05-28 19:07:45"
415,416,2371,222,"2005-05-27 15:02:10","2005-05-29 10:34:10"
416,417,2253,475,"2005-05-27 15:07:27","2005-05-29 20:01:27"
417,418,3063,151,"2005-05-27 15:13:17","2005-06-04 12:05:17"
418,419,2514,77,"2005-05-27 15:15:11","2005-06-02 11:53:11"
419,420,619,93,"2005-05-27 15:19:38","2005-06-03 15:07:38"
420,421,2985,246,"2005-05-27 15:30:13","2005-06-04 13:19:13"
421,422,1152,150,"2005-05-27 15:31:55","2005-06-01 11:47:55"
422,423,1783,284,"2005-05-27 15:32:57","2005-06-02 19:03:57"
423,424,2815,35,"2005-05-27 15:34:01","2005-06-05 09:44:01"
424,425,1518,182,"2005-05-27 15:51:30","2005-06-03 16:52:30"
425,426,1103,522,"2005-05-27 15:56:57","2005-06-05 11:45:57"
426,427,1677,288,"2005-05-27 16:10:04","2005-06-05 13:22:04"
427,428,3349,161,"2005-05-27 16:10:58","2005-05-31 17:24:58"
428,429,129,498,"2005-05-27 16:21:26","2005-06-05 20:23:26"
429,430,1920,190,"2005-05-27 16:22:10","2005-06-05 13:10:10"
430,431,4507,334,"2005-05-27 16:31:05","2005-06-05 11:29:05"
431,432,1119,46,"2005-05-27 16:40:29","2005-05-29 16:20:29"
432,433,4364,574,"2005-05-27 16:40:40","2005-05-30 19:55:40"
433,434,3360,246,"2005-05-27 16:54:27","2005-06-04 22:26:27"
434,435,3328,3,"2005-05-27 17:17:09","2005-06-02 11:20:09"
435,436,4317,267,"2005-05-27 17:21:04","2005-05-30 21:26:04"
436,437,1800,525,"2005-05-27 17:47:22","2005-06-05 14:22:22"
437,438,4260,249,"2005-05-27 17:52:34","2005-06-05 22:23:34"
438,439,354,319,"2005-05-27 17:54:48","2005-06-02 23:01:48"
439,440,4452,314,"2005-05-27 18:00:35","2005-05-29 16:15:35"
440,441,1578,54,"2005-05-27 18:11:05","2005-05-30 22:45:05"
441,442,1457,403,"2005-05-27 18:12:13","2005-05-30 12:30:13"
442,443,2021,547,"2005-05-27 18:35:20","2005-06-04 18:58:20"
443,444,723,239,"2005-05-27 18:39:15","2005-06-01 15:56:15"
444,445,1757,293,"2005-05-27 18:42:57","2005-05-30 22:35:57"
445,446,1955,401,"2005-05-27 18:48:41","2005-06-03 16:42:41"
446,447,3890,133,"2005-05-27 18:57:02","2005-06-05 18:38:02"
447,448,2671,247,"2005-05-27 19:03:08","2005-06-03 20:28:08"
448,449,2469,172,"2005-05-27 19:13:15","2005-06-04 01:08:15"
449,450,1343,247,"2005-05-27 19:18:54","2005-06-05 23:52:54"
450,451,205,87,"2005-05-27 19:27:54","2005-05-29 01:07:54"
451,452,2993,127,"2005-05-27 19:30:33","2005-05-30 20:53:33"
452,453,4425,529,"2005-05-27 19:31:16","2005-05-29 23:06:16"
453,454,3499,575,"2005-05-27 19:31:36","2005-05-30 15:46:36"
454,455,3344,343,"2005-05-27 19:43:29","2005-06-04 23:40:29"
455,456,1699,92,"2005-05-27 19:50:06","2005-06-02 22:14:06"
456,457,2368,300,"2005-05-27 19:52:29","2005-06-02 17:17:29"
457,458,3350,565,"2005-05-27 19:58:36","2005-06-06 00:51:36"
458,459,597,468,"2005-05-27 20:00:04","2005-05-29 22:47:04"
459,460,4238,240,"2005-05-27 20:02:03","2005-05-28 16:14:03"
460,461,2077,447,"2005-05-27 20:08:55","2005-06-01 14:32:55"
461,462,2314,364,"2005-05-27 20:10:36","2005-06-03 21:12:36"
462,463,826,21,"2005-05-27 20:11:47","2005-06-04 21:18:47"
463,464,1313,193,"2005-05-27 20:42:44","2005-05-30 00:49:44"
464,465,20,261,"2005-05-27 20:44:36","2005-06-02 02:43:36"
465,466,1786,442,"2005-05-27 20:57:07","2005-05-29 15:52:07"
466,467,339,557,"2005-05-27 21:10:03","2005-06-01 16:08:03"
467,468,2656,101,"2005-05-27 21:13:10","2005-06-04 15:26:10"
468,469,4463,154,"2005-05-27 21:14:26","2005-06-05 21:51:26"
469,470,1613,504,"2005-05-27 21:17:08","2005-06-04 17:47:08"
470,471,2872,209,"2005-05-27 21:32:42","2005-05-31 00:39:42"
471,472,1338,528,"2005-05-27 21:36:15","2005-05-29 21:07:15"
472,473,802,105,"2005-05-27 21:36:34","2005-06-05 17:02:34"
473,474,1474,274,"2005-05-27 22:11:56","2005-05-31 19:07:56"
474,475,2520,159,"2005-05-27 22:16:26","2005-05-28 19:58:26"
475,476,2451,543,"2005-05-27 22:31:36","2005-06-03 19:12:36"
476,477,2437,161,"2005-05-27 22:33:33","2005-06-02 18:35:33"
477,478,424,557,"2005-05-27 22:38:20","2005-05-31 18:39:20"
478,479,2060,231,"2005-05-27 22:39:10","2005-06-05 22:46:10"
479,480,2108,220,"2005-05-27 22:47:39","2005-06-04 21:17:39"
480,481,72,445,"2005-05-27 22:49:27","2005-05-30 17:46:27"
481,482,4178,546,"2005-05-27 22:53:02","2005-06-01 22:53:02"
482,483,1510,32,"2005-05-27 23:00:25","2005-05-28 21:30:25"
483,484,3115,491,"2005-05-27 23:26:45","2005-05-29 21:16:45"
484,485,2392,105,"2005-05-27 23:40:52","2005-05-28 22:40:52"
485,486,1822,398,"2005-05-27 23:51:12","2005-05-28 20:26:12"
486,487,3774,569,"2005-05-28 00:00:30","2005-05-28 19:18:30"
487,488,393,168,"2005-05-28 00:07:50","2005-06-03 22:30:50"
488,489,1940,476,"2005-05-28 00:09:12","2005-05-31 04:44:12"
489,490,3524,95,"2005-05-28 00:09:56","2005-05-30 22:32:56"
490,491,1326,196,"2005-05-28 00:13:35","2005-05-29 00:11:35"
491,492,1999,228,"2005-05-28 00:24:58","2005-05-28 22:34:58"
492,493,184,501,"2005-05-28 00:34:11","2005-05-30 18:40:11"
493,494,1850,64,"2005-05-28 00:39:31","2005-06-02 19:35:31"
494,495,1007,526,"2005-05-28 00:40:48","2005-05-29 06:07:48"
495,496,1785,56,"2005-05-28 00:43:41","2005-06-04 03:56:41"
496,497,2636,20,"2005-05-28 00:54:39","2005-06-03 20:47:39"
497,498,458,287,"2005-05-28 01:01:21","2005-05-30 21:20:21"
498,499,2381,199,"2005-05-28 01:05:07","2005-06-05 19:54:07"
499,500,4500,145,"2005-05-28 01:05:25","2005-05-31 20:04:25"
500,501,601,162,"2005-05-28 01:09:36","2005-05-30 06:14:36"
501,502,3131,179,"2005-05-28 01:34:43","2005-05-31 01:02:43"
502,503,3005,288,"2005-05-28 01:35:25","2005-05-28 22:12:25"
503,504,2086,170,"2005-05-28 02:05:34","2005-05-30 23:03:34"
504,505,71,111,"2005-05-28 02:06:37","2005-05-29 06:57:37"
505,506,667,469,"2005-05-28 02:09:19","2005-06-05 20:34:19"
506,507,3621,421,"2005-05-28 02:31:19","2005-06-02 05:07:19"
507,508,4179,434,"2005-05-28 02:40:50","2005-06-05 03:05:50"
508,509,3416,147,"2005-05-28 02:51:12","2005-05-31 06:27:12"
509,510,4338,113,"2005-05-28 02:52:14","2005-05-30 21:20:14"
510,511,3827,296,"2005-05-28 03:04:04","2005-06-03 04:58:04"
511,512,2176,231,"2005-05-28 03:07:50","2005-06-05 02:12:50"
512,513,225,489,"2005-05-28 03:08:10","2005-05-29 07:22:10"
513,514,1697,597,"2005-05-28 03:09:28","2005-06-05 00:49:28"
514,515,3369,110,"2005-05-28 03:10:10","2005-06-04 02:18:10"
515,516,4357,400,"2005-05-28 03:11:47","2005-06-04 02:19:47"
516,517,234,403,"2005-05-28 03:17:57","2005-05-29 06:33:57"
517,518,4087,480,"2005-05-28 03:18:02","2005-05-30 05:32:02"
518,519,3564,245,"2005-05-28 03:22:33","2005-06-03 05:06:33"
519,520,3845,161,"2005-05-28 03:27:37","2005-06-04 05:47:37"
520,521,2397,374,"2005-05-28 03:32:22","2005-05-28 22:37:22"
521,522,3195,382,"2005-05-28 03:33:20","2005-05-31 04:23:20"
522,523,1905,138,"2005-05-28 03:53:26","2005-05-31 05:58:26"
523,524,1962,223,"2005-05-28 03:57:28","2005-05-31 05:20:28"
524,525,1817,14,"2005-05-28 04:25:33","2005-06-06 04:18:33"
525,526,1387,408,"2005-05-28 04:27:37","2005-05-30 07:52:37"
526,527,266,169,"2005-05-28 04:28:38","2005-06-02 08:19:38"
527,528,1655,359,"2005-05-28 04:30:05","2005-06-03 10:01:05"
528,529,2624,469,"2005-05-28 04:34:17","2005-05-30 00:35:17"
529,530,3332,312,"2005-05-28 05:13:01","2005-06-01 10:21:01"
530,531,1113,589,"2005-05-28 05:23:38","2005-05-29 08:00:38"
531,532,2793,120,"2005-05-28 05:36:58","2005-06-02 01:50:58"
532,533,4306,528,"2005-05-28 06:14:46","2005-06-01 06:26:46"
533,534,992,184,"2005-05-28 06:15:25","2005-06-06 07:51:25"
534,535,4209,307,"2005-05-28 06:16:32","2005-05-31 02:48:32"
535,536,2962,514,"2005-05-28 06:17:33","2005-06-03 10:02:33"
536,537,3095,315,"2005-05-28 06:20:55","2005-06-05 11:48:55"
537,538,2262,110,"2005-05-28 06:21:05","2005-06-02 01:22:05"
538,539,3427,161,"2005-05-28 06:26:16","2005-05-30 02:02:16"
539,540,3321,119,"2005-05-28 06:40:25","2005-06-06 00:47:25"
540,541,1662,535,"2005-05-28 06:41:58","2005-06-02 09:12:58"
541,542,4444,261,"2005-05-28 06:42:13","2005-06-03 09:05:13"
542,543,530,493,"2005-05-28 06:43:34","2005-06-06 07:16:34"
543,544,2964,311,"2005-05-28 07:03:00","2005-06-06 06:23:00"
544,545,1086,54,"2005-05-28 07:10:20","2005-06-04 01:47:20"
545,546,487,20,"2005-05-28 07:16:25","2005-06-01 08:36:25"
546,547,2065,506,"2005-05-28 07:24:28","2005-06-06 01:31:28"
547,548,3704,450,"2005-05-28 07:34:56","2005-06-05 03:14:56"
548,549,1818,159,"2005-05-28 07:35:37","2005-06-02 09:08:37"
549,550,3632,432,"2005-05-28 07:39:16","2005-06-06 12:20:16"
550,551,3119,315,"2005-05-28 07:44:18","2005-06-02 12:55:18"
551,552,23,106,"2005-05-28 07:53:38","2005-06-04 12:45:38"
552,553,1349,176,"2005-05-28 08:14:44","2005-06-02 03:01:44"
553,554,1951,376,"2005-05-28 08:23:16","2005-05-31 03:29:16"
554,555,4397,55,"2005-05-28 08:31:14","2005-05-30 07:34:14"
555,556,1814,22,"2005-05-28 08:31:36","2005-06-06 07:29:36"
556,557,158,444,"2005-05-28 08:36:22","2005-06-03 10:42:22"
557,558,4163,442,"2005-05-28 08:38:43","2005-06-06 13:52:43"
558,559,1227,572,"2005-05-28 08:39:02","2005-06-05 08:38:02"
559,560,644,463,"2005-05-28 08:53:02","2005-06-04 12:27:02"
560,561,928,77,"2005-05-28 08:54:06","2005-06-05 05:54:06"
561,562,3390,102,"2005-05-28 09:01:21","2005-06-02 05:26:21"
562,563,53,324,"2005-05-28 09:10:49","2005-06-06 11:32:49"
563,564,2973,282,"2005-05-28 09:12:09","2005-05-29 05:07:09"
564,565,1494,288,"2005-05-28 09:26:31","2005-06-01 07:28:31"
565,566,4330,253,"2005-05-28 09:51:39","2005-06-05 09:35:39"
566,567,3308,184,"2005-05-28 09:56:20","2005-06-01 06:41:20"
567,568,2232,155,"2005-05-28 09:57:36","2005-05-31 15:44:36"
568,569,4534,56,"2005-05-28 10:12:41","2005-06-03 10:08:41"
569,570,1122,21,"2005-05-28 10:15:04","2005-05-30 08:32:04"
570,571,4250,516,"2005-05-28 10:17:41","2005-06-05 07:56:41"
571,572,1899,337,"2005-05-28 10:30:13","2005-06-02 05:04:13"
572,573,4020,1,"2005-05-28 10:35:23","2005-06-03 06:32:23"
573,574,3883,76,"2005-05-28 10:44:28","2005-06-04 11:42:28"
574,575,4451,142,"2005-05-28 10:56:09","2005-06-05 15:39:09"
575,576,1866,588,"2005-05-28 10:56:10","2005-06-04 13:15:10"
576,577,375,6,"2005-05-28 11:09:14","2005-06-01 13:27:14"
577,578,2938,173,"2005-05-28 11:15:48","2005-06-02 09:59:48"
578,579,3481,181,"2005-05-28 11:19:23","2005-06-02 13:51:23"
579,580,3515,17,"2005-05-28 11:19:53","2005-06-01 10:44:53"
580,581,1380,186,"2005-05-28 11:20:29","2005-06-04 12:37:29"
581,582,4579,198,"2005-05-28 11:33:46","2005-05-29 08:33:46"
582,583,2679,386,"2005-05-28 11:48:55","2005-06-04 07:09:55"
583,584,1833,69,"2005-05-28 11:49:00","2005-06-01 11:54:00"
584,585,3544,490,"2005-05-28 11:50:45","2005-06-03 15:35:45"
585,586,898,77,"2005-05-28 12:03:00","2005-05-29 13:16:00"
586,587,1413,64,"2005-05-28 12:05:33","2005-05-30 13:45:33"
587,588,95,89,"2005-05-28 12:08:37","2005-05-29 16:25:37"
588,589,4231,308,"2005-05-28 12:27:50","2005-06-03 07:15:50"
589,590,473,462,"2005-05-28 13:06:50","2005-06-02 09:18:50"
590,591,377,19,"2005-05-28 13:11:04","2005-05-29 17:20:04"
591,592,638,244,"2005-05-28 13:21:08","2005-05-29 16:55:08"
592,593,1810,16,"2005-05-28 13:33:23","2005-05-30 17:10:23"
593,594,2766,538,"2005-05-28 13:41:56","2005-05-30 12:00:56"
594,595,595,294,"2005-05-28 13:59:54","2005-06-05 15:16:54"
595,596,821,589,"2005-05-28 14:00:03","2005-05-29 17:10:03"
596,597,4469,249,"2005-05-28 14:01:02","2005-06-06 19:06:02"
597,598,599,159,"2005-05-28 14:04:50","2005-06-03 18:00:50"
598,599,4136,393,"2005-05-28 14:05:57","2005-06-01 16:41:57"
599,600,1567,332,"2005-05-28 14:08:19","2005-06-03 11:57:19"
600,601,3225,429,"2005-05-28 14:08:22","2005-06-04 10:50:22"
601,602,1300,590,"2005-05-28 14:15:54","2005-06-05 15:16:54"
602,603,3248,537,"2005-05-28 14:27:51","2005-05-29 13:13:51"
603,604,1585,426,"2005-05-28 14:37:07","2005-06-03 11:03:07"
604,605,4232,501,"2005-05-28 14:39:10","2005-06-01 09:28:10"
605,606,3509,299,"2005-05-28 14:48:39","2005-06-04 09:44:39"
606,607,2561,554,"2005-05-28 15:02:41","2005-05-30 12:54:41"
607,608,4254,494,"2005-05-28 15:03:44","2005-06-04 17:14:44"
608,609,2944,150,"2005-05-28 15:04:02","2005-06-05 14:47:02"
609,610,3642,500,"2005-05-28 15:15:25","2005-06-02 12:30:25"
610,611,1230,580,"2005-05-28 15:18:18","2005-05-31 20:15:18"
611,612,2180,161,"2005-05-28 15:24:54","2005-05-30 14:22:54"
612,613,270,595,"2005-05-28 15:27:22","2005-06-02 20:01:22"
613,614,280,307,"2005-05-28 15:33:28","2005-06-04 12:27:28"
614,615,3397,533,"2005-05-28 15:35:52","2005-06-03 17:35:52"
615,616,989,471,"2005-05-28 15:45:39","2005-06-02 09:55:39"
616,617,4142,372,"2005-05-28 15:49:14","2005-05-31 14:29:14"
617,618,4445,248,"2005-05-28 15:50:07","2005-06-01 19:45:07"
618,619,2482,407,"2005-05-28 15:52:26","2005-06-06 17:55:26"
619,620,2444,321,"2005-05-28 15:54:45","2005-06-04 20:26:45"
620,621,1144,239,"2005-05-28 15:58:12","2005-05-30 21:54:12"
621,622,2363,109,"2005-05-28 15:58:22","2005-06-04 10:13:22"
622,623,1222,495,"2005-05-28 16:01:28","2005-05-30 11:19:28"
623,624,3660,569,"2005-05-28 16:13:22","2005-06-06 20:35:22"
624,625,2889,596,"2005-05-28 16:35:46","2005-06-01 14:19:46"
625,626,452,584,"2005-05-28 16:58:09","2005-06-01 14:02:09"
626,627,425,241,"2005-05-28 17:04:43","2005-06-04 19:58:43"
627,628,2513,173,"2005-05-28 17:05:46","2005-06-06 16:29:46"
628,629,1527,94,"2005-05-28 17:19:15","2005-06-02 20:01:15"
629,630,1254,417,"2005-05-28 17:24:51","2005-06-05 20:05:51"
630,631,2465,503,"2005-05-28 17:36:32","2005-06-03 14:56:32"
631,632,1287,442,"2005-05-28 17:37:50","2005-06-03 16:04:50"
632,633,58,360,"2005-05-28 17:37:59","2005-06-03 22:49:59"
633,634,2630,428,"2005-05-28 17:40:35","2005-06-05 16:18:35"
634,635,1648,42,"2005-05-28 17:46:57","2005-06-06 18:24:57"
635,636,4213,239,"2005-05-28 17:47:58","2005-06-04 16:32:58"
636,637,1581,250,"2005-05-28 18:14:29","2005-05-29 23:48:29"
637,638,2685,372,"2005-05-28 18:24:43","2005-06-02 19:03:43"
638,639,4204,198,"2005-05-28 18:25:02","2005-05-29 18:22:02"
639,640,495,465,"2005-05-28 18:43:26","2005-05-30 13:39:26"
640,641,3548,396,"2005-05-28 18:45:47","2005-06-04 15:24:47"
641,642,140,157,"2005-05-28 18:49:12","2005-06-01 20:50:12"
642,643,3105,240,"2005-05-28 18:52:11","2005-05-31 15:15:11"
643,644,4304,316,"2005-05-28 18:59:12","2005-06-04 18:06:12"
644,645,3128,505,"2005-05-28 19:14:09","2005-06-05 14:01:09"
645,646,1922,185,"2005-05-28 19:16:14","2005-05-31 16:50:14"
646,647,3435,569,"2005-05-28 19:22:52","2005-06-01 00:10:52"
647,648,3476,253,"2005-05-28 19:25:54","2005-06-03 15:57:54"
648,649,1781,197,"2005-05-28 19:35:45","2005-06-05 16:00:45"
649,650,4384,281,"2005-05-28 19:45:40","2005-05-29 21:02:40"
650,651,739,266,"2005-05-28 19:46:50","2005-05-30 16:29:50"
651,652,1201,43,"2005-05-28 20:08:47","2005-05-29 14:57:47"
652,653,126,327,"2005-05-28 20:12:20","2005-06-04 14:44:20"
653,654,2312,23,"2005-05-28 20:15:30","2005-05-30 22:02:30"
654,655,331,287,"2005-05-28 20:16:20","2005-05-31 16:46:20"
655,656,2846,437,"2005-05-28 20:18:24","2005-05-30 16:19:24"
656,657,848,65,"2005-05-28 20:23:09","2005-06-01 02:11:09"
657,658,3226,103,"2005-05-28 20:23:23","2005-06-06 19:31:23"
658,659,1382,207,"2005-05-28 20:27:53","2005-05-31 01:36:53"
659,660,1414,578,"2005-05-28 20:53:31","2005-05-30 15:26:31"
660,661,2247,51,"2005-05-28 21:01:25","2005-06-02 01:22:25"
661,662,2968,166,"2005-05-28 21:09:31","2005-06-01 19:00:31"
662,663,3997,176,"2005-05-28 21:23:02","2005-06-02 17:39:02"
663,664,87,523,"2005-05-28 21:31:08","2005-06-02 20:56:08"
664,665,1012,415,"2005-05-28 21:38:39","2005-05-29 21:37:39"
665,666,3075,437,"2005-05-28 21:48:51","2005-06-05 16:45:51"
666,667,797,596,"2005-05-28 21:49:02","2005-05-31 03:07:02"
667,668,3528,484,"2005-05-28 21:54:45","2005-05-29 22:32:45"
668,669,3677,313,"2005-05-28 22:03:25","2005-06-03 03:39:25"
669,670,227,201,"2005-05-28 22:04:03","2005-06-06 22:43:03"
670,671,1027,14,"2005-05-28 22:04:30","2005-06-03 01:21:30"
671,672,697,306,"2005-05-28 22:05:29","2005-06-06 02:10:29"
672,673,1769,468,"2005-05-28 22:07:30","2005-06-01 23:42:30"
673,674,1150,87,"2005-05-28 22:11:35","2005-06-01 23:58:35"
674,675,1273,338,"2005-05-28 22:22:44","2005-06-01 02:57:44"
675,676,2329,490,"2005-05-28 22:27:51","2005-05-29 20:36:51"
676,677,4558,194,"2005-05-28 23:00:08","2005-06-05 19:11:08"
677,678,3741,269,"2005-05-28 23:15:48","2005-06-03 04:43:48"
678,679,907,526,"2005-05-28 23:24:57","2005-06-06 21:59:57"
679,680,4147,482,"2005-05-28 23:27:26","2005-06-02 02:28:26"
680,681,3346,531,"2005-05-28 23:39:44","2005-06-01 01:42:44"
681,682,3160,148,"2005-05-28 23:53:18","2005-05-29 19:14:18"
682,683,2038,197,"2005-05-29 00:09:48","2005-06-02 04:27:48"
683,684,3242,461,"2005-05-29 00:13:15","2005-06-04 21:26:15"
684,685,1385,172,"2005-05-29 00:17:51","2005-06-05 05:32:51"
685,686,2441,411,"2005-05-29 00:27:10","2005-05-30 02:29:10"
686,687,1731,250,"2005-05-29 00:32:09","2005-05-31 23:53:09"
687,688,4135,162,"2005-05-29 00:45:24","2005-06-02 01:30:24"
688,689,742,571,"2005-05-29 00:46:53","2005-06-03 23:48:53"
689,690,2646,85,"2005-05-29 00:54:53","2005-06-06 00:45:53"
690,691,4034,433,"2005-05-29 01:01:26","2005-06-07 06:21:26"
691,692,800,18,"2005-05-29 01:32:10","2005-06-02 03:54:10"
692,693,635,190,"2005-05-29 01:42:31","2005-06-03 02:29:31"
693,694,592,399,"2005-05-29 01:49:43","2005-06-05 06:52:43"
694,695,4276,528,"2005-05-29 01:50:53","2005-06-03 02:28:53"
695,696,2076,19,"2005-05-29 01:59:10","2005-06-01 02:45:10"
696,697,3949,387,"2005-05-29 02:04:04","2005-06-04 00:47:04"
697,698,1412,109,"2005-05-29 02:10:52","2005-06-01 21:52:52"
698,699,130,246,"2005-05-29 02:11:44","2005-06-04 20:23:44"
699,700,500,117,"2005-05-29 02:18:54","2005-05-30 05:54:54"
700,701,372,112,"2005-05-29 02:26:27","2005-06-03 04:59:27"
701,702,2556,475,"2005-05-29 02:27:30","2005-05-30 01:52:30"
702,703,1123,269,"2005-05-29 02:29:36","2005-06-03 04:54:36"
703,704,2628,330,"2005-05-29 02:44:43","2005-06-06 01:51:43"
704,705,2809,257,"2005-05-29 02:48:52","2005-05-30 06:21:52"
705,706,2278,60,"2005-05-29 03:05:49","2005-06-04 22:48:49"
706,707,819,252,"2005-05-29 03:18:19","2005-05-30 02:45:19"
707,708,3133,127,"2005-05-29 03:23:47","2005-05-31 21:27:47"
708,709,2459,479,"2005-05-29 03:48:01","2005-06-06 05:21:01"
709,710,194,518,"2005-05-29 03:48:36","2005-06-03 05:03:36"
710,711,4581,215,"2005-05-29 03:49:03","2005-05-31 08:29:03"
711,712,4191,313,"2005-05-29 04:02:24","2005-05-30 03:09:24"
712,713,3664,507,"2005-05-29 04:10:17","2005-06-07 07:13:17"
713,714,2010,452,"2005-05-29 04:15:21","2005-06-01 23:05:21"
714,715,2030,545,"2005-05-29 04:22:41","2005-06-05 09:28:41"
715,716,85,36,"2005-05-29 04:35:29","2005-06-01 07:42:29"
716,717,1383,412,"2005-05-29 04:37:44","2005-05-30 05:48:44"
717,718,1736,498,"2005-05-29 04:52:23","2005-06-02 02:27:23"
718,719,267,245,"2005-05-29 05:16:05","2005-06-01 07:53:05"
719,720,3687,480,"2005-05-29 05:17:30","2005-06-06 02:47:30"
720,721,1116,44,"2005-05-29 05:28:47","2005-05-31 11:24:47"
721,722,4540,259,"2005-05-29 05:30:31","2005-06-06 04:51:31"
722,723,3407,309,"2005-05-29 05:34:44","2005-05-30 05:50:44"
723,724,3770,416,"2005-05-29 05:53:23","2005-06-05 04:01:23"
724,725,4088,245,"2005-05-29 06:03:41","2005-06-03 08:52:41"
725,726,933,452,"2005-05-29 06:05:29","2005-06-05 04:40:29"
726,727,1629,484,"2005-05-29 06:08:15","2005-05-30 07:16:15"
727,728,242,551,"2005-05-29 06:12:38","2005-06-03 07:41:38"
728,729,1688,323,"2005-05-29 06:35:13","2005-06-04 03:23:13"
729,730,3473,197,"2005-05-29 07:00:59","2005-06-06 01:17:59"
730,731,4124,5,"2005-05-29 07:25:16","2005-05-30 05:21:16"
731,732,2530,447,"2005-05-29 07:32:51","2005-05-30 10:08:51"
732,733,2951,363,"2005-05-29 07:35:21","2005-06-05 09:14:21"
733,734,3084,538,"2005-05-29 07:38:52","2005-06-03 10:17:52"
734,735,3421,454,"2005-05-29 08:08:13","2005-06-07 13:35:13"
735,736,3689,276,"2005-05-29 08:10:07","2005-06-05 10:21:07"
736,737,769,589,"2005-05-29 08:11:31","2005-06-04 11:18:31"
737,738,2284,256,"2005-05-29 08:20:08","2005-06-06 08:59:08"
738,739,1183,84,"2005-05-29 08:28:18","2005-06-06 09:21:18"
739,740,600,89,"2005-05-29 08:30:36","2005-06-04 12:47:36"
740,741,3189,495,"2005-05-29 08:35:49","2005-06-04 11:55:49"
741,742,273,483,"2005-05-29 08:36:30","2005-06-05 11:30:30"
742,743,2528,548,"2005-05-29 08:39:02","2005-06-06 08:42:02"
743,744,3722,420,"2005-05-29 09:13:08","2005-06-01 07:05:08"
744,745,581,152,"2005-05-29 09:22:57","2005-06-01 09:10:57"
745,746,4272,130,"2005-05-29 09:25:10","2005-06-02 04:20:10"
746,747,1993,291,"2005-05-29 09:26:34","2005-06-05 07:28:34"
747,748,2803,7,"2005-05-29 09:27:00","2005-06-03 04:25:00"
748,749,1146,375,"2005-05-29 09:33:33","2005-05-31 11:45:33"
749,750,730,269,"2005-05-29 09:41:40","2005-05-30 13:31:40"
750,751,2711,53,"2005-05-29 09:55:43","2005-06-02 04:54:43"
751,752,1720,126,"2005-05-29 10:14:15","2005-06-04 06:30:15"
752,753,1021,135,"2005-05-29 10:16:42","2005-06-05 08:52:42"
753,754,734,281,"2005-05-29 10:18:59","2005-06-04 05:03:59"
754,755,3090,576,"2005-05-29 10:26:29","2005-06-01 10:25:29"
755,756,3152,201,"2005-05-29 10:28:45","2005-06-04 12:50:45"
756,757,1067,435,"2005-05-29 10:29:47","2005-06-07 15:27:47"
757,758,1191,563,"2005-05-29 10:31:56","2005-06-01 14:53:56"
758,759,2367,179,"2005-05-29 10:57:57","2005-06-07 16:23:57"
759,760,3250,77,"2005-05-29 11:07:25","2005-06-02 14:16:25"
760,761,2342,58,"2005-05-29 11:09:01","2005-06-03 16:18:01"
761,762,3683,146,"2005-05-29 11:15:51","2005-06-06 07:48:51"
762,763,2022,50,"2005-05-29 11:32:15","2005-05-31 17:31:15"
763,764,1069,149,"2005-05-29 11:37:35","2005-05-31 16:47:35"
764,765,515,69,"2005-05-29 11:38:34","2005-06-02 17:04:34"
765,766,2154,383,"2005-05-29 11:47:02","2005-06-06 07:14:02"
766,767,687,67,"2005-05-29 12:20:19","2005-06-02 14:15:19"
767,768,2895,566,"2005-05-29 12:30:46","2005-06-07 09:00:46"
768,769,1523,575,"2005-05-29 12:51:44","2005-06-01 17:43:44"
769,770,2491,405,"2005-05-29 12:56:50","2005-06-07 15:54:50"
770,771,353,476,"2005-05-29 12:59:14","2005-06-01 16:05:14"
771,772,3319,556,"2005-05-29 13:08:06","2005-06-06 08:19:06"
772,773,245,563,"2005-05-29 13:18:05","2005-06-07 17:22:05"
773,774,1188,575,"2005-05-29 13:19:43","2005-06-01 18:51:43"
774,775,1197,124,"2005-05-29 13:23:26","2005-05-30 07:53:26"
775,776,4339,113,"2005-05-29 13:35:35","2005-06-03 17:33:35"
776,777,451,360,"2005-05-29 14:07:58","2005-06-03 08:41:58"
777,778,1816,535,"2005-05-29 14:09:53","2005-06-05 20:05:53"
778,779,533,105,"2005-05-29 14:17:17","2005-06-06 16:46:17"
779,780,1919,300,"2005-05-29 14:18:32","2005-06-06 20:14:32"
780,781,88,313,"2005-05-29 14:23:58","2005-05-30 17:44:58"
781,782,2255,596,"2005-05-29 14:38:57","2005-06-02 13:18:57"
782,783,3046,53,"2005-05-29 14:41:18","2005-06-06 10:39:18"
783,784,2936,352,"2005-05-29 14:44:22","2005-06-01 17:28:22"
784,785,39,72,"2005-05-29 15:08:41","2005-05-30 15:51:41"
785,786,2637,439,"2005-05-29 15:17:28","2005-06-07 10:07:28"
786,787,3919,27,"2005-05-29 16:03:03","2005-06-07 11:07:03"
787,788,763,562,"2005-05-29 16:13:55","2005-05-31 16:40:55"
788,789,708,553,"2005-05-29 16:17:07","2005-06-06 18:15:07"
789,790,2858,593,"2005-05-29 16:19:29","2005-06-02 17:22:29"
790,791,1554,284,"2005-05-29 16:30:42","2005-06-01 19:11:42"
791,792,2841,261,"2005-05-29 16:32:10","2005-05-31 18:01:10"
792,793,379,528,"2005-05-29 16:44:08","2005-06-06 19:21:08"
793,794,1995,50,"2005-05-29 16:44:11","2005-06-05 16:11:11"
794,795,609,551,"2005-05-29 16:57:39","2005-06-01 11:33:39"
795,796,2697,26,"2005-05-29 16:59:44","2005-06-03 16:22:44"
796,797,1446,244,"2005-05-29 17:12:17","2005-06-03 16:06:17"
797,798,1102,134,"2005-05-29 17:23:43","2005-06-01 13:06:43"
798,799,1713,429,"2005-05-29 17:24:48","2005-06-05 12:25:48"
799,800,441,472,"2005-05-29 17:28:12","2005-05-30 14:59:12"
800,801,1642,402,"2005-05-29 17:35:50","2005-06-04 17:05:50"
801,802,785,350,"2005-05-29 17:38:59","2005-05-31 22:42:59"
802,803,1602,32,"2005-05-29 17:52:30","2005-05-30 14:35:30"
803,804,3909,171,"2005-05-29 18:10:24","2005-06-06 22:53:24"
804,805,3132,232,"2005-05-29 18:18:18","2005-06-07 15:11:18"
805,806,2386,435,"2005-05-29 18:31:30","2005-05-31 00:18:30"
806,807,2195,235,"2005-05-29 18:50:50","2005-06-03 18:36:50"
807,808,1928,104,"2005-05-29 19:08:20","2005-06-06 20:32:20"
808,809,2114,222,"2005-05-29 19:10:20","2005-06-05 19:05:20"
809,810,2533,346,"2005-05-29 19:12:04","2005-06-04 21:12:04"
810,811,4419,401,"2005-05-29 19:30:42","2005-06-02 16:19:42"
811,812,1099,225,"2005-05-29 20:00:30","2005-05-30 19:43:30"
812,813,4554,344,"2005-05-29 20:14:34","2005-06-05 20:56:34"
813,814,1572,134,"2005-05-29 20:16:12","2005-06-07 17:47:12"
814,815,3757,14,"2005-05-29 20:24:28","2005-06-03 15:32:28"
815,816,630,474,"2005-05-29 20:26:39","2005-06-06 22:31:39"
816,817,186,554,"2005-05-29 20:39:14","2005-05-31 18:24:14"
817,818,4106,321,"2005-05-29 20:47:53","2005-06-02 23:18:53"
818,819,623,511,"2005-05-29 21:00:32","2005-06-02 15:15:32"
819,820,2584,22,"2005-05-29 21:07:22","2005-06-07 00:22:22"
820,821,3380,348,"2005-05-29 21:31:12","2005-06-04 22:49:12"
821,822,2634,480,"2005-05-29 21:36:00","2005-06-07 17:24:00"
822,823,3249,441,"2005-05-29 21:39:37","2005-05-30 22:06:37"
823,824,3518,357,"2005-05-29 21:45:32","2005-05-31 19:01:32"
824,825,712,371,"2005-05-29 21:49:41","2005-06-04 20:27:41"
825,826,2263,207,"2005-05-29 21:56:15","2005-06-08 03:18:15"
826,827,62,573,"2005-05-29 21:58:43","2005-06-06 00:54:43"
827,828,2468,217,"2005-05-29 22:14:55","2005-05-30 17:22:55"
828,829,1684,371,"2005-05-29 22:16:42","2005-06-06 01:38:42"
829,830,3464,3,"2005-05-29 22:43:55","2005-06-01 17:43:55"
830,831,3912,509,"2005-05-29 22:50:25","2005-06-06 02:27:25"
831,832,1381,159,"2005-05-29 22:51:20","2005-06-07 17:37:20"
832,833,2898,417,"2005-05-29 23:21:56","2005-06-02 18:40:56"
833,834,3628,84,"2005-05-29 23:24:30","2005-05-30 22:00:30"
834,835,299,381,"2005-05-29 23:37:00","2005-06-02 23:38:00"
835,836,3140,368,"2005-05-29 23:56:42","2005-05-31 04:11:42"
836,837,977,172,"2005-05-30 00:02:08","2005-06-02 05:31:08"
837,838,2859,504,"2005-05-30 00:27:57","2005-06-06 22:19:57"
838,839,1886,337,"2005-05-30 00:28:12","2005-06-08 02:43:12"
839,840,4049,79,"2005-05-30 00:28:41","2005-05-31 20:39:41"
840,841,4318,387,"2005-05-30 00:31:17","2005-06-02 19:14:17"
841,842,2328,238,"2005-05-30 00:32:04","2005-06-01 02:21:04"
842,843,2214,313,"2005-05-30 00:44:24","2005-05-31 00:58:24"
843,844,536,429,"2005-05-30 00:58:20","2005-06-01 00:38:20"
844,845,2001,72,"2005-05-30 01:17:25","2005-06-07 02:00:25"
845,846,938,49,"2005-05-30 01:17:45","2005-06-01 00:56:45"
846,847,4387,380,"2005-05-30 01:18:15","2005-06-06 20:20:15"
847,848,1363,436,"2005-05-30 01:19:53","2005-06-05 23:40:53"
848,849,2424,449,"2005-05-30 01:23:07","2005-06-07 01:50:07"
849,850,2390,517,"2005-05-30 01:35:12","2005-05-31 01:51:12"
850,851,2780,530,"2005-05-30 01:35:15","2005-06-06 07:27:15"
851,852,1622,549,"2005-05-30 01:36:57","2005-06-01 22:44:57"
852,853,3693,122,"2005-05-30 01:43:31","2005-06-01 02:05:31"
853,854,921,369,"2005-05-30 01:56:11","2005-06-01 06:34:11"
854,855,2527,406,"2005-05-30 02:00:28","2005-06-03 20:16:28"
855,856,3969,53,"2005-05-30 02:01:21","2005-06-07 03:25:21"
856,857,2569,204,"2005-05-30 02:01:23","2005-06-02 06:07:23"
857,858,1258,358,"2005-05-30 02:10:32","2005-06-01 04:42:32"
858,859,3032,79,"2005-05-30 02:36:20","2005-06-02 07:49:20"
859,860,578,276,"2005-05-30 02:45:16","2005-06-08 07:28:16"
860,861,3711,502,"2005-05-30 02:48:32","2005-06-06 05:43:32"
861,862,1186,328,"2005-05-30 03:09:11","2005-06-03 21:27:11"
862,863,3999,379,"2005-05-30 03:14:59","2005-06-05 04:34:59"
863,864,2777,544,"2005-05-30 03:27:17","2005-06-06 08:28:17"
864,865,3183,154,"2005-05-30 03:39:44","2005-06-07 08:10:44"
865,866,2867,8,"2005-05-30 03:43:54","2005-06-08 04:28:54"
866,867,3389,99,"2005-05-30 03:54:43","2005-06-01 22:59:43"
867,868,3604,28,"2005-05-30 04:19:55","2005-05-31 02:28:55"
868,869,3399,296,"2005-05-30 04:22:06","2005-06-03 09:18:06"
869,870,2903,391,"2005-05-30 04:25:47","2005-06-06 04:32:47"
870,871,4573,303,"2005-05-30 05:01:30","2005-06-04 06:22:30"
871,872,3904,548,"2005-05-30 05:03:04","2005-06-06 10:35:04"
872,873,4568,375,"2005-05-30 05:15:20","2005-06-07 00:49:20"
873,874,363,52,"2005-05-30 05:36:21","2005-06-01 09:32:21"
874,875,1428,326,"2005-05-30 05:38:24","2005-06-06 00:34:24"
875,876,1471,339,"2005-05-30 05:41:22","2005-06-07 09:06:22"
876,877,886,9,"2005-05-30 05:48:59","2005-06-02 09:30:59"
877,878,4265,323,"2005-05-30 05:49:13","2005-06-07 04:35:13"
878,879,4021,482,"2005-05-30 05:49:42","2005-06-05 01:45:42"
879,880,1819,460,"2005-05-30 06:12:33","2005-06-02 04:35:33"
880,881,602,242,"2005-05-30 06:15:36","2005-06-02 10:21:36"
881,882,3841,477,"2005-05-30 06:16:06","2005-06-02 11:57:06"
882,883,2271,399,"2005-05-30 06:21:05","2005-06-07 04:50:05"
883,884,4079,17,"2005-05-30 06:41:32","2005-05-31 07:39:32"
884,885,646,62,"2005-05-30 06:54:28","2005-06-03 07:03:28"
885,886,4356,393,"2005-05-30 06:54:51","2005-06-01 06:04:51"
886,887,2727,16,"2005-05-30 07:10:00","2005-06-01 06:48:00"
887,888,387,128,"2005-05-30 07:13:14","2005-06-06 09:50:14"
888,889,1299,114,"2005-05-30 07:14:53","2005-05-31 07:56:53"
889,890,1464,349,"2005-05-30 07:43:04","2005-06-01 11:26:04"
890,891,2611,391,"2005-05-30 07:43:12","2005-06-08 09:21:12"
891,892,471,274,"2005-05-30 08:02:56","2005-06-05 12:51:56"
892,893,3260,502,"2005-05-30 08:06:59","2005-06-07 08:23:59"
893,894,1118,400,"2005-05-30 08:31:31","2005-06-07 12:39:31"
894,895,2744,192,"2005-05-30 08:50:43","2005-06-05 10:58:43"
895,896,2817,207,"2005-05-30 09:03:52","2005-06-05 07:37:52"
896,897,1334,432,"2005-05-30 09:10:01","2005-06-08 03:43:01"
897,898,3497,384,"2005-05-30 09:26:19","2005-06-01 10:45:19"
898,899,1096,156,"2005-05-30 09:29:30","2005-06-06 12:39:30"
899,900,3543,586,"2005-05-30 09:38:41","2005-06-07 11:54:41"
900,901,760,259,"2005-05-30 09:40:40","2005-06-02 10:32:40"
901,902,1514,561,"2005-05-30 09:53:36","2005-06-07 12:10:36"
902,903,2423,197,"2005-05-30 10:11:29","2005-06-03 09:33:29"
903,904,2466,44,"2005-05-30 10:19:42","2005-06-05 04:58:42"
904,905,4372,50,"2005-05-30 10:25:00","2005-06-06 06:23:00"
905,906,1862,549,"2005-05-30 10:30:38","2005-06-07 06:44:38"
906,907,3320,506,"2005-05-30 10:37:27","2005-06-02 09:51:27"
907,908,4427,85,"2005-05-30 10:38:37","2005-06-03 09:56:37"
908,909,3775,486,"2005-05-30 10:43:38","2005-06-08 12:07:38"
909,910,2601,374,"2005-05-30 10:46:16","2005-06-04 13:32:16"
910,911,1404,366,"2005-05-30 10:50:22","2005-06-07 12:26:22"
911,912,3200,390,"2005-05-30 10:58:33","2005-05-31 09:31:33"
912,913,3213,369,"2005-05-30 11:04:58","2005-06-07 13:22:58"
913,914,1393,596,"2005-05-30 11:06:00","2005-06-04 06:07:00"
914,915,1859,115,"2005-05-30 11:20:27","2005-06-02 11:55:27"
915,916,1290,6,"2005-05-30 11:25:01","2005-05-31 09:06:01"
916,917,3629,385,"2005-05-30 11:27:06","2005-06-02 08:31:06"
917,918,818,197,"2005-05-30 11:32:24","2005-05-31 07:55:24"
918,919,4052,374,"2005-05-30 11:35:06","2005-06-02 13:16:06"
919,920,3860,584,"2005-05-30 11:44:01","2005-06-02 08:19:01"
920,921,1827,508,"2005-05-30 11:53:09","2005-06-03 10:00:09"
921,922,2442,550,"2005-05-30 11:55:55","2005-06-08 10:12:55"
922,923,1884,37,"2005-05-30 11:58:50","2005-06-05 09:57:50"
923,924,3279,293,"2005-05-30 12:10:59","2005-06-04 17:28:59"
924,925,3203,137,"2005-05-30 12:13:52","2005-06-02 14:41:52"
925,926,4327,76,"2005-05-30 12:15:54","2005-06-01 08:53:54"
926,927,1158,167,"2005-05-30 12:16:40","2005-05-31 16:20:40"
927,928,246,79,"2005-05-30 12:27:14","2005-06-05 13:56:14"
928,929,4296,536,"2005-05-30 12:32:39","2005-06-06 12:17:39"
929,930,2835,141,"2005-05-30 12:44:57","2005-06-04 10:53:57"
930,931,3384,421,"2005-05-30 12:53:01","2005-05-31 14:28:01"
931,932,719,198,"2005-05-30 12:55:36","2005-05-31 10:30:36"
932,933,3672,66,"2005-05-30 13:08:45","2005-06-01 18:56:45"
933,934,3595,60,"2005-05-30 13:24:46","2005-06-08 16:44:46"
934,935,2421,256,"2005-05-30 13:29:36","2005-06-02 11:08:36"
935,936,901,469,"2005-05-30 13:52:49","2005-06-07 16:56:49"
936,937,1054,304,"2005-05-30 14:47:31","2005-06-05 09:53:31"
937,938,1521,46,"2005-05-30 14:47:31","2005-06-04 10:10:31"
938,939,1314,367,"2005-05-30 14:49:34","2005-06-01 19:00:34"
939,940,1278,534,"2005-05-30 15:01:02","2005-06-01 18:26:02"
940,941,3630,562,"2005-05-30 15:02:25","2005-06-01 17:19:25"
941,942,4279,473,"2005-05-30 15:05:47","2005-06-08 15:59:47"
942,943,3737,57,"2005-05-30 15:20:19","2005-06-06 18:53:19"
943,944,151,131,"2005-05-30 15:26:24","2005-06-07 18:09:24"
944,945,1441,357,"2005-05-30 15:33:17","2005-06-02 15:02:17"
945,946,1264,486,"2005-05-30 15:35:08","2005-06-08 11:38:08"
946,947,4478,62,"2005-05-30 15:36:57","2005-06-04 18:48:57"
947,948,585,245,"2005-05-30 15:44:27","2005-06-08 17:30:27"
948,949,2202,368,"2005-05-30 15:50:39","2005-06-03 14:25:39"
949,950,491,83,"2005-05-30 16:06:08","2005-06-01 11:43:08"
950,951,1395,59,"2005-05-30 16:10:35","2005-05-31 19:01:35"
951,952,4389,311,"2005-05-30 16:28:07","2005-06-02 16:12:07"
952,953,2194,210,"2005-05-30 16:34:02","2005-05-31 20:34:02"
953,954,1231,297,"2005-05-30 16:57:29","2005-06-08 13:30:29"
954,955,4140,301,"2005-05-30 16:59:03","2005-05-31 11:58:03"
955,956,647,296,"2005-05-30 17:30:28","2005-06-07 13:54:28"
956,957,4428,440,"2005-05-30 17:53:29","2005-06-03 15:31:29"
957,958,548,186,"2005-05-30 17:58:03","2005-06-01 19:17:03"
958,959,3108,535,"2005-05-30 18:07:00","2005-06-02 14:37:00"
959,960,1966,445,"2005-05-30 18:13:23","2005-06-04 00:12:23"
960,961,3293,588,"2005-05-30 18:16:44","2005-06-04 23:40:44"
961,962,4535,520,"2005-05-30 18:45:17","2005-06-05 22:47:17"
962,963,1921,225,"2005-05-30 18:52:53","2005-06-07 16:19:53"
963,964,657,287,"2005-05-30 18:53:21","2005-06-04 22:32:21"
964,965,3363,502,"2005-05-30 19:00:14","2005-05-31 17:10:14"
965,966,1294,496,"2005-05-30 19:00:37","2005-05-31 23:51:37"
966,967,1954,330,"2005-05-30 19:12:06","2005-06-09 00:02:06"
967,968,119,576,"2005-05-30 19:20:03","2005-05-31 18:17:03"
968,969,443,551,"2005-05-30 19:23:48","2005-05-31 21:14:48"
969,970,1520,307,"2005-05-30 19:50:28","2005-06-09 01:19:28"
970,971,2911,561,"2005-05-30 20:10:52","2005-06-06 20:47:52"
971,972,2,411,"2005-05-30 20:21:07","2005-06-06 00:36:07"
972,973,1914,473,"2005-05-30 20:27:45","2005-06-08 22:47:45"
973,974,2617,596,"2005-05-30 20:28:42","2005-06-08 23:45:42"
974,975,3109,7,"2005-05-30 21:07:15","2005-06-03 01:48:15"
975,976,2290,581,"2005-05-30 21:11:19","2005-06-06 02:16:19"
976,977,2029,394,"2005-05-30 21:22:26","2005-06-04 22:32:26"
977,978,407,154,"2005-05-30 21:30:52","2005-06-07 16:22:52"
978,979,3917,279,"2005-05-30 21:37:11","2005-06-08 00:24:11"
979,980,4169,273,"2005-05-30 21:45:19","2005-06-01 20:32:19"
980,981,2913,326,"2005-05-30 21:52:42","2005-06-01 03:15:42"
981,982,3560,524,"2005-05-30 22:15:24","2005-06-02 16:18:24"
982,983,63,115,"2005-05-30 22:15:51","2005-06-02 22:56:51"
983,984,2305,262,"2005-05-30 22:17:17","2005-06-01 20:15:17"
984,985,1573,564,"2005-05-30 22:18:35","2005-06-04 23:36:35"
985,986,4045,253,"2005-05-30 22:22:52","2005-06-01 02:24:52"
986,987,390,11,"2005-05-30 22:59:12","2005-06-07 20:56:12"
987,988,1364,12,"2005-05-30 23:08:03","2005-06-07 00:22:03"
988,989,4388,83,"2005-05-30 23:11:51","2005-06-03 20:36:51"
989,990,4171,311,"2005-05-30 23:25:14","2005-06-06 18:41:14"
990,991,2863,593,"2005-05-30 23:29:22","2005-06-07 23:16:22"
991,992,3572,123,"2005-05-30 23:47:56","2005-06-05 19:01:56"
992,993,2080,513,"2005-05-30 23:54:19","2005-06-04 21:27:19"
993,994,2798,472,"2005-05-30 23:55:36","2005-06-04 01:00:36"
994,995,17,150,"2005-05-31 00:06:02","2005-06-06 02:30:02"
995,996,2075,331,"2005-05-31 00:06:20","2005-05-31 21:29:20"
996,997,4243,216,"2005-05-31 00:08:25","2005-06-02 00:17:25"
997,998,3395,389,"2005-05-31 00:16:57","2005-06-01 22:41:57"
998,999,4433,413,"2005-05-31 00:25:10","2005-06-03 06:05:10"
999,1000,1774,332,"2005-05-31 00:25:56","2005-06-08 19:42:56"
1000,1001,1498,64,"2005-05-31 00:46:31","2005-06-06 06:14:31"
